source_file,source_path,source_line,label_source,is_ai,text,text_normalized,text_hash,group_id,formation_id,intitule,description,objectifs,programme,raw_label,duplicate_type,duplicate_of
dataset_entrainement.csv,data/processed/dataset_entrainement.csv,3,est_lie_ia,1,"TEXTE_MODELE: Intitulé : BTS Communication Public cible : Apprenants Bac+2 intégrant l'IA dans un cursus BTS/DUT Niveau : BAC+2 : DEUG, BT, DUT... (NIVEAU 5) Modalité : À distance Durée : 2 an Certification : RNCP 37198 Codes ROME : E1103 Organisme : LEARN TO ACT INTITULE: BTS Communication COMPETENCES_IA: Prompt Engineering | IA générative | No-code / Low-code | Automatisation CERTIFICATION: RNCP 37198 ORGANISME: LEARN TO ACT NIVEAU: BAC+2 : DEUG, BT, DUT... (NIVEAU 5)",texte modele intitule bts communication public cible apprenants bac 2 integrant l ia dans un cursus bts dut niveau bac 2 deug bt dut niveau 5 modalite a distance duree 2 an certification rncp 37198 codes rome e1103 organisme learn to act intitule bts communication competences ia prompt engineering ia generative no code low code automatisation certification rncp 37198 organisme learn to act niveau bac 2 deug bt dut niveau 5,03ff21b640e3c22235ced75f,formation_group_id:9bb03b403e90fd0a,d2b08161c2944845,BTS Communication,,,,1,group_duplicate,formation_group_id:9bb03b403e90fd0a
dataset_entrainement.csv,data/processed/dataset_entrainement.csv,16,est_lie_ia,1,TEXTE_MODELE: Intitulé : Programmer et automatiser des tâches avec Python (Tosa) Public cible : Tout professionnel souhaitant maîtriser l'IA dans son activité Niveau : 0 Modalité : Présentiel Durée : 35 h Certification : RS 6962 Codes ROME : 0 Organisme : MYPE INTITULE: Programmer et automatiser des tâches avec Python (Tosa) COMPETENCES_IA: Machine Learning | Data Science | Python pour l’IA | Visualisation | Automatisation CERTIFICATION: RS 6962 ORGANISME: MYPE NIVEAU: 0,texte modele intitule programmer et automatiser des taches avec python tosa public cible tout professionnel souhaitant maitriser l ia dans son activite niveau 0 modalite presentiel duree 35 h certification rs 6962 codes rome 0 organisme mype intitule programmer et automatiser des taches avec python tosa competences ia machine learning data science python pour l ia visualisation automatisation certification rs 6962 organisme mype niveau 0,a5ca03d20b156bff47329540,formation_group_id:b999c9874ef3962a,ebe14edb88c5bdaa,Programmer et automatiser des tâches avec Python (Tosa),,,,1,group_duplicate,formation_group_id:b999c9874ef3962a
dataset_entrainement.csv,data/processed/dataset_entrainement.csv,23,est_lie_ia,1,TEXTE_MODELE: Intitulé : Produire et réviser du contenu professionnel multimédia en utilisant les outils d'Intelligence Artificielle Générative (IAG) de façon responsable Public cible : Tout professionnel souhaitant maîtriser l'IA dans son activité Niveau : 0 Modalité : À distance Durée : 14 h Certification : RS 6891 Codes ROME : 0 Organisme : DEMOS INTITULE: Produire et réviser du contenu professionnel multimédia en utilisant les outils d'Intelligence Artificielle Générative (IAG) de façon responsable COMPETENCES_IA: IA générative | Éthique de l’IA CERTIFICATION: RS 6891 ORGANISME: DEMOS NIVEAU: 0,texte modele intitule produire et reviser du contenu professionnel multimedia en utilisant les outils d intelligence artificielle generative iag de facon responsable public cible tout professionnel souhaitant maitriser l ia dans son activite niveau 0 modalite a distance duree 14 h certification rs 6891 codes rome 0 organisme demos intitule produire et reviser du contenu professionnel multimedia en utilisant les outils d intelligence artificielle generative iag de facon responsable competences ia ia generative ethique de l ia certification rs 6891 organisme demos niveau 0,bc929043b031476219d2280d,formation_group_id:d52ffb85cd5b1860,ee87b61025ca7208,Produire et réviser du contenu professionnel multimédia en utilisant les outils d'Intelligence Artificielle Générative (IAG) de façon responsable,,,,1,group_duplicate,formation_group_id:d52ffb85cd5b1860
dataset_entrainement.csv,data/processed/dataset_entrainement.csv,33,est_lie_ia,1,"TEXTE_MODELE: Intitulé : Expert en ingénierie de l'intelligence artificielle Public cible : Ingénieurs / Bac+5 visant une expertise IA avancée Niveau : BAC+5 : grade master, DEA, DESS, ingénieur... (NIVEAU 7) Modalité : À distance Durée : 2 an Certification : RNCP 38587 Codes ROME : M1802 | M1803 | M1805 | M1810 Organisme : DATASCIENTEST INTITULE: Expert en ingénierie de l'intelligence artificielle COMPETENCES_IA: Machine Learning | Automatisation | Data Engineering CERTIFICATION: RNCP 38587 ORGANISME: DATASCIENTEST NIVEAU: BAC+5 : grade master, DEA, DESS, ingénieur... (NIVEAU 7)",texte modele intitule expert en ingenierie de l intelligence artificielle public cible ingenieurs bac 5 visant une expertise ia avancee niveau bac 5 grade master dea dess ingenieur niveau 7 modalite a distance duree 2 an certification rncp 38587 codes rome m1802 m1803 m1805 m1810 organisme datascientest intitule expert en ingenierie de l intelligence artificielle competences ia machine learning automatisation data engineering certification rncp 38587 organisme datascientest niveau bac 5 grade master dea dess ingenieur niveau 7,f24e10f09a3d0533f285b059,formation_group_id:ae690de65b58d0d7,312595d0ec798a2c,Expert en ingénierie de l'intelligence artificielle,,,,1,group_duplicate,formation_group_id:ae690de65b58d0d7
dataset_entrainement.csv,data/processed/dataset_entrainement.csv,47,est_lie_ia,1,TEXTE_MODELE: Intitulé : Programmer et automatiser des tâches avec Python (Tosa) Public cible : Managers et professionnels RH souhaitant intégrer l'IA dans leur management Niveau : 0 Modalité : À distance Durée : 35 h Certification : RS 6962 Codes ROME : 0 Organisme : ALIASE INTITULE: Programmer et automatiser des tâches avec Python (Tosa) COMPETENCES_IA: Machine Learning | Deep Learning | NLP | IA générative | Data Science | Python pour l’IA | Visualisation | RAG | Automatisation | Séries temporelles | Data Engineering CERTIFICATION: RS 6962 ORGANISME: ALIASE NIVEAU: 0,texte modele intitule programmer et automatiser des taches avec python tosa public cible managers et professionnels rh souhaitant integrer l ia dans leur management niveau 0 modalite a distance duree 35 h certification rs 6962 codes rome 0 organisme aliase intitule programmer et automatiser des taches avec python tosa competences ia machine learning deep learning nlp ia generative data science python pour l ia visualisation rag automatisation series temporelles data engineering certification rs 6962 organisme aliase niveau 0,18a001fc288c12f25edbc0a4,formation_group_id:e16d02648d9f61ff,f970a9a6c1e4ca8b,Programmer et automatiser des tâches avec Python (Tosa),,,,1,group_duplicate,formation_group_id:e16d02648d9f61ff
dataset_entrainement.csv,data/processed/dataset_entrainement.csv,58,est_lie_ia,1,"TEXTE_MODELE: Intitulé : Développeur Web Public cible : Apprenants Bac+2 intégrant l'IA dans un cursus BTS/DUT Niveau : BAC+2 : DEUG, BT, DUT... (NIVEAU 5) Modalité : À distance Durée : 21 h Certification : RNCP 37805 Codes ROME : M1805 Organisme : LBKE INTITULE: Développeur Web COMPETENCES_IA: Prompt Engineering | IA générative | Éthique de l’IA | RAG | Automatisation | Data Engineering CERTIFICATION: RNCP 37805 ORGANISME: LBKE NIVEAU: BAC+2 : DEUG, BT, DUT... (NIVEAU 5)",texte modele intitule developpeur web public cible apprenants bac 2 integrant l ia dans un cursus bts dut niveau bac 2 deug bt dut niveau 5 modalite a distance duree 21 h certification rncp 37805 codes rome m1805 organisme lbke intitule developpeur web competences ia prompt engineering ia generative ethique de l ia rag automatisation data engineering certification rncp 37805 organisme lbke niveau bac 2 deug bt dut niveau 5,a81f9b52fc4dbf2beee6e3ad,formation_group_id:69334d5b04131a76,d9260fd71d12ef70,Développeur Web,,,,1,group_duplicate,formation_group_id:69334d5b04131a76
dataset_entrainement.csv,data/processed/dataset_entrainement.csv,74,est_lie_ia,1,"TEXTE_MODELE: Intitulé : Concepteur développeur en intelligence artificielle et analyse big data Public cible : Professionnels Bac+3/4 en reconversion ou spécialisation IA Niveau : BAC+3 ou 4 : licence, master 1, maîtrise (NIVEAU 6) Modalité : Présentiel Durée : 400 h Certification : RNCP 38616 Codes ROME : M1403 | M1805 Organisme : LE WAGON Bordeaux INTITULE: Concepteur développeur en intelligence artificielle et analyse big data COMPETENCES_IA: Machine Learning | Deep Learning | NLP | IA générative | Data Science | Python pour l’IA | Éthique de l’IA | Big Data | Visualisation | RAG | Automatisation | Reinforcement Learning | Séries temporelles | Data Engineering CERTIFICATION: RNCP 38616 ORGANISME: LE WAGON Bordeaux NIVEAU: BAC+3 ou 4 : licence, master 1, maîtrise (NIVEAU 6)",texte modele intitule concepteur developpeur en intelligence artificielle et analyse big data public cible professionnels bac 3 4 en reconversion ou specialisation ia niveau bac 3 ou 4 licence master 1 maitrise niveau 6 modalite presentiel duree 400 h certification rncp 38616 codes rome m1403 m1805 organisme le wagon bordeaux intitule concepteur developpeur en intelligence artificielle et analyse big data competences ia machine learning deep learning nlp ia generative data science python pour l ia ethique de l ia big data visualisation rag automatisation reinforcement learning series temporelles data engineering certification rncp 38616 organisme le wagon bordeaux niveau bac 3 ou 4 licence master 1 maitrise niveau 6,689aff1228b8e8168fbda66c,formation_group_id:a1eaf37f6e728831,2a7eba2c68aba8d2,Concepteur développeur en intelligence artificielle et analyse big data,,,,1,group_duplicate,formation_group_id:a1eaf37f6e728831
dataset_entrainement.csv,data/processed/dataset_entrainement.csv,116,est_lie_ia,1,"TEXTE_MODELE: Intitulé : MASTER Informatique (fiche nationale) Public cible : Ingénieurs / Bac+5 visant une expertise IA avancée Niveau : BAC+5 : grade master, DEA, DESS, ingénieur... (NIVEAU 7) Modalité : Présentiel Durée : 1 an Certification : RNCP 39278 Codes ROME : M1801 | M1802 | M1803 | M1805 | M1806 Organisme : UNIVERSITE D'AIX MARSEILLE INTITULE: MASTER Informatique (fiche nationale) COMPETENCES_IA: Machine Learning | Deep Learning | NLP | Data Science CERTIFICATION: RNCP 39278 ORGANISME: UNIVERSITE D'AIX MARSEILLE NIVEAU: BAC+5 : grade master, DEA, DESS, ingénieur... (NIVEAU 7)",texte modele intitule master informatique fiche nationale public cible ingenieurs bac 5 visant une expertise ia avancee niveau bac 5 grade master dea dess ingenieur niveau 7 modalite presentiel duree 1 an certification rncp 39278 codes rome m1801 m1802 m1803 m1805 m1806 organisme universite d aix marseille intitule master informatique fiche nationale competences ia machine learning deep learning nlp data science certification rncp 39278 organisme universite d aix marseille niveau bac 5 grade master dea dess ingenieur niveau 7,441683944a07504e137ed6f4,formation_group_id:3c864a21dc409df6,db89cf07d2d81f25,MASTER Informatique (fiche nationale),,,,1,group_duplicate,formation_group_id:3c864a21dc409df6
dataset_entrainement.csv,data/processed/dataset_entrainement.csv,121,est_lie_ia,1,TEXTE_MODELE: Intitulé : Produire et réviser du contenu professionnel multimédia en utilisant les outils d'Intelligence Artificielle Générative (IAG) de façon responsable Public cible : Tout professionnel souhaitant maîtriser l'IA dans son activité Modalité : Présentiel Durée : 80 h Certification : RS 6891 Organisme : BT FORMATION INTITULE: Produire et réviser du contenu professionnel multimédia en utilisant les outils d'Intelligence Artificielle Générative (IAG) de façon responsable COMPETENCES_IA: Prompt Engineering | IA générative | Éthique de l’IA CERTIFICATION: RS 6891 ORGANISME: BT FORMATION,texte modele intitule produire et reviser du contenu professionnel multimedia en utilisant les outils d intelligence artificielle generative iag de facon responsable public cible tout professionnel souhaitant maitriser l ia dans son activite modalite presentiel duree 80 h certification rs 6891 organisme bt formation intitule produire et reviser du contenu professionnel multimedia en utilisant les outils d intelligence artificielle generative iag de facon responsable competences ia prompt engineering ia generative ethique de l ia certification rs 6891 organisme bt formation,25fbd9d5934c4dc81022996a,formation_group_id:6e4df3fb08b942a8,ecb8655e9334cdf9,Produire et réviser du contenu professionnel multimédia en utilisant les outils d'Intelligence Artificielle Générative (IAG) de façon responsable,,,,1,group_duplicate,formation_group_id:6e4df3fb08b942a8
dataset_entrainement.csv,data/processed/dataset_entrainement.csv,123,est_lie_ia,1,"TEXTE_MODELE: Intitulé : Expert en ingénierie de données Public cible : Ingénieurs / Bac+5 visant une expertise IA avancée Niveau : BAC+5 : grade master, DEA, DESS, ingénieur... (NIVEAU 7) Modalité : Présentiel Durée : 965 h Certification : RNCP 40875 Codes ROME : M1802 | M1803 | M1805 | M1806 Organisme : ECOLE 18.06 ALSACE INTITULE: Expert en ingénierie de données COMPETENCES_IA: Machine Learning | Deep Learning | NLP | IA générative | Big Data | Automatisation | Reinforcement Learning | Data Engineering CERTIFICATION: RNCP 40875 ORGANISME: ECOLE 18.06 ALSACE NIVEAU: BAC+5 : grade master, DEA, DESS, ingénieur... (NIVEAU 7)",texte modele intitule expert en ingenierie de donnees public cible ingenieurs bac 5 visant une expertise ia avancee niveau bac 5 grade master dea dess ingenieur niveau 7 modalite presentiel duree 965 h certification rncp 40875 codes rome m1802 m1803 m1805 m1806 organisme ecole 18 06 alsace intitule expert en ingenierie de donnees competences ia machine learning deep learning nlp ia generative big data automatisation reinforcement learning data engineering certification rncp 40875 organisme ecole 18 06 alsace niveau bac 5 grade master dea dess ingenieur niveau 7,b615ddfd81e3ced2ba35b146,formation_group_id:f96bffeb7c382d4c,8217720c151b803e,Expert en ingénierie de données,,,,1,group_duplicate,formation_group_id:f96bffeb7c382d4c
dataset_entrainement.csv,data/processed/dataset_entrainement.csv,124,est_lie_ia,1,TEXTE_MODELE: Intitulé : Programmer et automatiser des tâches avec Python (Tosa) Public cible : Tout professionnel souhaitant maîtriser l'IA dans son activité Niveau : 0 Modalité : À distance Durée : 35 h Certification : RS 6962 Codes ROME : 0 Organisme : ALIASE INTITULE: Programmer et automatiser des tâches avec Python (Tosa) COMPETENCES_IA: Machine Learning | Data Science | Python pour l’IA | Visualisation | No-code / Low-code | Automatisation | Data Engineering CERTIFICATION: RS 6962 ORGANISME: ALIASE NIVEAU: 0,texte modele intitule programmer et automatiser des taches avec python tosa public cible tout professionnel souhaitant maitriser l ia dans son activite niveau 0 modalite a distance duree 35 h certification rs 6962 codes rome 0 organisme aliase intitule programmer et automatiser des taches avec python tosa competences ia machine learning data science python pour l ia visualisation no code low code automatisation data engineering certification rs 6962 organisme aliase niveau 0,6ef0f0fe042d83b9530bb738,formation_group_id:e16d02648d9f61ff,9c3dc1f9a94d1ae7,Programmer et automatiser des tâches avec Python (Tosa),,,,1,group_duplicate,formation_group_id:e16d02648d9f61ff
dataset_entrainement.csv,data/processed/dataset_entrainement.csv,125,est_lie_ia,1,TEXTE_MODELE: Intitulé : Programmer et automatiser des tâches avec Python (Tosa) Public cible : Tout professionnel souhaitant maîtriser l'IA dans son activité Niveau : 0 Modalité : À distance Durée : 35 h Certification : RS 6962 Codes ROME : 0 Organisme : ALIASE INTITULE: Programmer et automatiser des tâches avec Python (Tosa) COMPETENCES_IA: Machine Learning | Deep Learning | NLP | IA générative | Python pour l’IA | RAG | Data Engineering CERTIFICATION: RS 6962 ORGANISME: ALIASE NIVEAU: 0,texte modele intitule programmer et automatiser des taches avec python tosa public cible tout professionnel souhaitant maitriser l ia dans son activite niveau 0 modalite a distance duree 35 h certification rs 6962 codes rome 0 organisme aliase intitule programmer et automatiser des taches avec python tosa competences ia machine learning deep learning nlp ia generative python pour l ia rag data engineering certification rs 6962 organisme aliase niveau 0,834ffc89454661860fccd978,formation_group_id:e16d02648d9f61ff,59eb4496b0becb5f,Programmer et automatiser des tâches avec Python (Tosa),,,,1,group_duplicate,formation_group_id:e16d02648d9f61ff
dataset_entrainement.csv,data/processed/dataset_entrainement.csv,127,est_lie_ia,1,"TEXTE_MODELE: Intitulé : Chef de projet en développement de solutions d'intelligence artificielle Public cible : Ingénieurs / Bac+5 visant une expertise IA avancée Niveau : BAC+5 : grade master, DEA, DESS, ingénieur... (NIVEAU 7) Modalité : Présentiel Durée : 1 an Certification : RNCP 38584 Codes ROME : M1805 Organisme : AIVANCITY SCHOOL FOR TECHNOLOGY, BUSINESS & SOCIETY INTITULE: Chef de projet en développement de solutions d'intelligence artificielle COMPETENCES_IA: Machine Learning | Data Science | Python pour l’IA | Éthique de l’IA | Visualisation | Séries temporelles CERTIFICATION: RNCP 38584 ORGANISME: AIVANCITY SCHOOL FOR TECHNOLOGY, BUSINESS & SOCIETY NIVEAU: BAC+5 : grade master, DEA, DESS, ingénieur... (NIVEAU 7)",texte modele intitule chef de projet en developpement de solutions d intelligence artificielle public cible ingenieurs bac 5 visant une expertise ia avancee niveau bac 5 grade master dea dess ingenieur niveau 7 modalite presentiel duree 1 an certification rncp 38584 codes rome m1805 organisme aivancity school for technology business society intitule chef de projet en developpement de solutions d intelligence artificielle competences ia machine learning data science python pour l ia ethique de l ia visualisation series temporelles certification rncp 38584 organisme aivancity school for technology business society niveau bac 5 grade master dea dess ingenieur niveau 7,f3700d84d216f08970d160a9,formation_group_id:c917d73a48a16fc7,0d1386c80bb28a14,Chef de projet en développement de solutions d'intelligence artificielle,,,,1,group_duplicate,formation_group_id:c917d73a48a16fc7
dataset_entrainement.csv,data/processed/dataset_entrainement.csv,128,est_lie_ia,1,"TEXTE_MODELE: Intitulé : Intégrer la démarche intelligence artificielle et science des données dans la stratégie de l'entreprise Public cible : Tout professionnel souhaitant maîtriser l'IA dans son activité Niveau : 0 Modalité : Présentiel Durée : 14 h Certification : RS 6787 Codes ROME : 0 Organisme : AIVANCITY SCHOOL FOR TECHNOLOGY, BUSINESS & SOCIETY INTITULE: Intégrer la démarche intelligence artificielle et science des données dans la stratégie de l'entreprise COMPETENCES_IA: Machine Learning | Deep Learning | IA générative | Éthique de l’IA | Visualisation CERTIFICATION: RS 6787 ORGANISME: AIVANCITY SCHOOL FOR TECHNOLOGY, BUSINESS & SOCIETY NIVEAU: 0",texte modele intitule integrer la demarche intelligence artificielle et science des donnees dans la strategie de l entreprise public cible tout professionnel souhaitant maitriser l ia dans son activite niveau 0 modalite presentiel duree 14 h certification rs 6787 codes rome 0 organisme aivancity school for technology business society intitule integrer la demarche intelligence artificielle et science des donnees dans la strategie de l entreprise competences ia machine learning deep learning ia generative ethique de l ia visualisation certification rs 6787 organisme aivancity school for technology business society niveau 0,e8422d8c466c675c65a15f1c,formation_group_id:68d0324308f0c4ca,ddf32d4aadd53258,Intégrer la démarche intelligence artificielle et science des données dans la stratégie de l'entreprise,,,,1,group_duplicate,formation_group_id:68d0324308f0c4ca
dataset_entrainement.csv,data/processed/dataset_entrainement.csv,132,est_lie_ia,1,"TEXTE_MODELE: Intitulé : Architecte en intelligence artificielle Public cible : Ingénieurs / Bac+5 visant une expertise IA avancée Niveau : BAC+5 : grade master, DEA, DESS, ingénieur... (NIVEAU 7) Modalité : Présentiel Durée : 1729 h Certification : RNCP 41993 Codes ROME : M1402 | M1403 | M1802 | M1805 Organisme : DSTI INTITULE: Architecte en intelligence artificielle COMPETENCES_IA: Machine Learning | Data Engineering | Data Science | Éthique de l’IA | Big Data CERTIFICATION: RNCP 41993 ORGANISME: DSTI NIVEAU: BAC+5 : grade master, DEA, DESS, ingénieur... (NIVEAU 7)",texte modele intitule architecte en intelligence artificielle public cible ingenieurs bac 5 visant une expertise ia avancee niveau bac 5 grade master dea dess ingenieur niveau 7 modalite presentiel duree 1729 h certification rncp 41993 codes rome m1402 m1403 m1802 m1805 organisme dsti intitule architecte en intelligence artificielle competences ia machine learning data engineering data science ethique de l ia big data certification rncp 41993 organisme dsti niveau bac 5 grade master dea dess ingenieur niveau 7,2ccb252ff4fc083d63ead291,formation_group_id:03aae6574021fa0c,9b2cf5c9f53a9ee1,Architecte en intelligence artificielle,,,,1,group_duplicate,formation_group_id:03aae6574021fa0c
dataset_entrainement.csv,data/processed/dataset_entrainement.csv,141,est_lie_ia,1,"TEXTE_MODELE: Intitulé : Expert en ingénierie de l'intelligence artificielle Public cible : Ingénieurs / Bac+5 visant une expertise IA avancée Niveau : BAC+5 : grade master, DEA, DESS, ingénieur... (NIVEAU 7) Modalité : À distance Durée : 1 an Certification : RNCP 38587 Codes ROME : M1802 | M1803 | M1805 | M1810 Organisme : DATASCIENTEST INTITULE: Expert en ingénierie de l'intelligence artificielle COMPETENCES_IA: Machine Learning | Deep Learning | NLP | Data Engineering | Data Science | Python pour l’IA | Visualisation | Reinforcement Learning | Séries temporelles CERTIFICATION: RNCP 38587 ORGANISME: DATASCIENTEST NIVEAU: BAC+5 : grade master, DEA, DESS, ingénieur... (NIVEAU 7)",texte modele intitule expert en ingenierie de l intelligence artificielle public cible ingenieurs bac 5 visant une expertise ia avancee niveau bac 5 grade master dea dess ingenieur niveau 7 modalite a distance duree 1 an certification rncp 38587 codes rome m1802 m1803 m1805 m1810 organisme datascientest intitule expert en ingenierie de l intelligence artificielle competences ia machine learning deep learning nlp data engineering data science python pour l ia visualisation reinforcement learning series temporelles certification rncp 38587 organisme datascientest niveau bac 5 grade master dea dess ingenieur niveau 7,8c7f2b94203c604bbba13b95,formation_group_id:18753e65f257447a,747ba1ccde5955f7,Expert en ingénierie de l'intelligence artificielle,,,,1,group_duplicate,formation_group_id:18753e65f257447a
dataset_entrainement.csv,data/processed/dataset_entrainement.csv,158,est_lie_ia,1,"TEXTE_MODELE: Intitulé : Manager en data marketing Public cible : Managers et professionnels RH souhaitant intégrer l'IA dans leur management Niveau : BAC+5 : grade master, DEA, DESS, ingénieur... (NIVEAU 7) Modalité : À distance Durée : 1 an Certification : RNCP 39591 Codes ROME : M1403 | M1705 Organisme : DATASCIENTEST INTITULE: Manager en data marketing COMPETENCES_IA: Data Science | Python pour l’IA | Éthique de l’IA | Visualisation | No-code / Low-code | Automatisation | Data Engineering CERTIFICATION: RNCP 39591 ORGANISME: DATASCIENTEST NIVEAU: BAC+5 : grade master, DEA, DESS, ingénieur... (NIVEAU 7)",texte modele intitule manager en data marketing public cible managers et professionnels rh souhaitant integrer l ia dans leur management niveau bac 5 grade master dea dess ingenieur niveau 7 modalite a distance duree 1 an certification rncp 39591 codes rome m1403 m1705 organisme datascientest intitule manager en data marketing competences ia data science python pour l ia ethique de l ia visualisation no code low code automatisation data engineering certification rncp 39591 organisme datascientest niveau bac 5 grade master dea dess ingenieur niveau 7,890adfc95b1edbd1e16e5986,formation_group_id:35fe546029685569,073c6f52b91d817c,Manager en data marketing,,,,1,group_duplicate,formation_group_id:35fe546029685569
dataset_entrainement.csv,data/processed/dataset_entrainement.csv,160,est_lie_ia,1,"TEXTE_MODELE: Intitulé : Manager en data marketing Public cible : Managers et professionnels RH souhaitant intégrer l'IA dans leur management Niveau : BAC+5 : grade master, DEA, DESS, ingénieur... (NIVEAU 7) Modalité : À distance Durée : 1 an Certification : RNCP 39591 Codes ROME : M1403 | M1705 Organisme : DATASCIENTEST INTITULE: Manager en data marketing COMPETENCES_IA: Machine Learning | Data Science | Python pour l’IA | Visualisation | Data Engineering CERTIFICATION: RNCP 39591 ORGANISME: DATASCIENTEST NIVEAU: BAC+5 : grade master, DEA, DESS, ingénieur... (NIVEAU 7)",texte modele intitule manager en data marketing public cible managers et professionnels rh souhaitant integrer l ia dans leur management niveau bac 5 grade master dea dess ingenieur niveau 7 modalite a distance duree 1 an certification rncp 39591 codes rome m1403 m1705 organisme datascientest intitule manager en data marketing competences ia machine learning data science python pour l ia visualisation data engineering certification rncp 39591 organisme datascientest niveau bac 5 grade master dea dess ingenieur niveau 7,4757451d2af47f03f87cd1f5,formation_group_id:35fe546029685569,975b582a75ced5a1,Manager en data marketing,,,,1,group_duplicate,formation_group_id:35fe546029685569
dataset_entrainement.csv,data/processed/dataset_entrainement.csv,163,est_lie_ia,1,"TEXTE_MODELE: Intitulé : MASTER Informatique (fiche nationale) Public cible : Ingénieurs / Bac+5 visant une expertise IA avancée Niveau : BAC+5 : grade master, DEA, DESS, ingénieur... (NIVEAU 7) Modalité : Présentiel Durée : 1479 h Certification : RNCP 39278 Codes ROME : M1801 | M1802 | M1803 | M1805 | M1806 Organisme : UNIVERSITE DE LILLE INTITULE: MASTER Informatique (fiche nationale) COMPETENCES_IA: Machine Learning | Big Data CERTIFICATION: RNCP 39278 ORGANISME: UNIVERSITE DE LILLE NIVEAU: BAC+5 : grade master, DEA, DESS, ingénieur... (NIVEAU 7)",texte modele intitule master informatique fiche nationale public cible ingenieurs bac 5 visant une expertise ia avancee niveau bac 5 grade master dea dess ingenieur niveau 7 modalite presentiel duree 1479 h certification rncp 39278 codes rome m1801 m1802 m1803 m1805 m1806 organisme universite de lille intitule master informatique fiche nationale competences ia machine learning big data certification rncp 39278 organisme universite de lille niveau bac 5 grade master dea dess ingenieur niveau 7,91bc8a78ab8e4bd8fbd5ea64,formation_group_id:3447b749434aefa5,374146e1e30e2c4c,MASTER Informatique (fiche nationale),,,,1,group_duplicate,formation_group_id:3447b749434aefa5
dataset_entrainement.csv,data/processed/dataset_entrainement.csv,165,est_lie_ia,1,"TEXTE_MODELE: Intitulé : Expert big data engineer (MS) Public cible : Ingénieurs / Bac+5 visant une expertise IA avancée Niveau : BAC+5 : grade master, DEA, DESS, ingénieur... (NIVEAU 7) Modalité : Présentiel Durée : 1062 h Certification : RNCP 40234 Codes ROME : M1801 | M1802 | M1803 | M1805 | M1806 Organisme : UNIVERSITE DE TECHNOLOGIE DE TROYES INTITULE: Expert big data engineer (MS) COMPETENCES_IA: Machine Learning | Deep Learning | Data Engineering | Data Science | Big Data | Visualisation | RAG CERTIFICATION: RNCP 40234 ORGANISME: UNIVERSITE DE TECHNOLOGIE DE TROYES NIVEAU: BAC+5 : grade master, DEA, DESS, ingénieur... (NIVEAU 7)",texte modele intitule expert big data engineer ms public cible ingenieurs bac 5 visant une expertise ia avancee niveau bac 5 grade master dea dess ingenieur niveau 7 modalite presentiel duree 1062 h certification rncp 40234 codes rome m1801 m1802 m1803 m1805 m1806 organisme universite de technologie de troyes intitule expert big data engineer ms competences ia machine learning deep learning data engineering data science big data visualisation rag certification rncp 40234 organisme universite de technologie de troyes niveau bac 5 grade master dea dess ingenieur niveau 7,9d0ad787423ffbd1da261677,formation_group_id:08351058fb6bad9a,2faa98029bf89cf6,Expert big data engineer (MS),,,,1,group_duplicate,formation_group_id:08351058fb6bad9a
dataset_entrainement.csv,data/processed/dataset_entrainement.csv,171,est_lie_ia,1,"TEXTE_MODELE: Intitulé : Ingénieur en intelligence artificielle (MS) Public cible : Ingénieurs / Bac+5 visant une expertise IA avancée Niveau : BAC+5 : grade master, DEA, DESS, ingénieur... (NIVEAU 7) Modalité : Présentiel Durée : 182 h Certification : RNCP 40235 Codes ROME : M1805 Organisme : INSTITUT MINES TELECOM INTITULE: Ingénieur en intelligence artificielle (MS) COMPETENCES_IA: NLP | Machine Learning | Éthique de l’IA | Automatisation CERTIFICATION: RNCP 40235 ORGANISME: INSTITUT MINES TELECOM NIVEAU: BAC+5 : grade master, DEA, DESS, ingénieur... (NIVEAU 7)",texte modele intitule ingenieur en intelligence artificielle ms public cible ingenieurs bac 5 visant une expertise ia avancee niveau bac 5 grade master dea dess ingenieur niveau 7 modalite presentiel duree 182 h certification rncp 40235 codes rome m1805 organisme institut mines telecom intitule ingenieur en intelligence artificielle ms competences ia nlp machine learning ethique de l ia automatisation certification rncp 40235 organisme institut mines telecom niveau bac 5 grade master dea dess ingenieur niveau 7,ff3e721905a8fa64964affdc,formation_group_id:3cfad49505aa46ed,9a51abce04ecdea6,Ingénieur en intelligence artificielle (MS),,,,1,group_duplicate,formation_group_id:3cfad49505aa46ed
dataset_entrainement.csv,data/processed/dataset_entrainement.csv,185,est_lie_ia,1,TEXTE_MODELE: Intitulé : Création de contenus rédactionnels et visuels par l usage responsable de l intelligence artificielle générative Public cible : Tout professionnel souhaitant maîtriser l'IA dans son activité Niveau : 0 Modalité : À distance Durée : 16 h Certification : RS 6776 Codes ROME : 0 Organisme : INSTITUT MON ASSISTANT NUMERIQUE INTITULE: Création de contenus rédactionnels et visuels par l usage responsable de l intelligence artificielle générative COMPETENCES_IA: NLP | Prompt Engineering | IA générative | Éthique de l’IA | Automatisation CERTIFICATION: RS 6776 ORGANISME: INSTITUT MON ASSISTANT NUMERIQUE NIVEAU: 0,texte modele intitule creation de contenus redactionnels et visuels par l usage responsable de l intelligence artificielle generative public cible tout professionnel souhaitant maitriser l ia dans son activite niveau 0 modalite a distance duree 16 h certification rs 6776 codes rome 0 organisme institut mon assistant numerique intitule creation de contenus redactionnels et visuels par l usage responsable de l intelligence artificielle generative competences ia nlp prompt engineering ia generative ethique de l ia automatisation certification rs 6776 organisme institut mon assistant numerique niveau 0,12ec7ac3212c58aa37f5908e,formation_group_id:d1ca1e0c84a3f0b0,225917dd2db80b5c,Création de contenus rédactionnels et visuels par l usage responsable de l intelligence artificielle générative,,,,1,near_duplicate,texte modele intitule creation de contenus redactionnels et visuels par l usage responsable de l intelligence artificielle generative public cible tout professionnel souhaitant maitriser l ia dans son activite niveau 0 modalite a distance duree 16 h certification rs 6776 codes rome 0 organisme institut mon assistant numerique intitule creation de contenus redactionnels et visuels par l usage responsable de l intelligence artificielle generative competences ia nlp prompt engineering ia generative ethique de l ia automatisation certification rs 6776 organisme institut mon assistant numerique niveau 0
dataset_entrainement.csv,data/processed/dataset_entrainement.csv,197,est_lie_ia,1,TEXTE_MODELE: Intitulé : Création de contenus rédactionnels et visuels par l'usage responsable de l'intelligence artificielle générative Public cible : Tout professionnel souhaitant maîtriser l'IA dans son activité Niveau : 0 Modalité : À distance Durée : 21 h Certification : RS 6776 Codes ROME : 0 Organisme : AXIO FORMATION INTITULE: Création de contenus rédactionnels et visuels par l'usage responsable de l'intelligence artificielle générative COMPETENCES_IA: Prompt Engineering | IA générative | Éthique de l’IA | Visualisation | RAG | Automatisation CERTIFICATION: RS 6776 ORGANISME: AXIO FORMATION NIVEAU: 0,texte modele intitule creation de contenus redactionnels et visuels par l usage responsable de l intelligence artificielle generative public cible tout professionnel souhaitant maitriser l ia dans son activite niveau 0 modalite a distance duree 21 h certification rs 6776 codes rome 0 organisme axio formation intitule creation de contenus redactionnels et visuels par l usage responsable de l intelligence artificielle generative competences ia prompt engineering ia generative ethique de l ia visualisation rag automatisation certification rs 6776 organisme axio formation niveau 0,936f2520ddc8cfcb718fb1cd,formation_group_id:4a380c61e11cff09,07f6daf2d4b732f2,Création de contenus rédactionnels et visuels par l'usage responsable de l'intelligence artificielle générative,,,,1,group_duplicate,formation_group_id:4a380c61e11cff09
dataset_entrainement.csv,data/processed/dataset_entrainement.csv,199,est_lie_ia,1,TEXTE_MODELE: Intitulé : Création de contenus rédactionnels et visuels par l'usage responsable de l'intelligence artificielle générative Public cible : Tout professionnel souhaitant maîtriser l'IA dans son activité Niveau : 0 Modalité : À distance Durée : 16 h Certification : RS 6776 Codes ROME : 0 Organisme : INSTITUT MON ASSISTANT NUMERIQUE INTITULE: Création de contenus rédactionnels et visuels par l'usage responsable de l'intelligence artificielle générative COMPETENCES_IA: NLP | Prompt Engineering | IA générative | Éthique de l’IA | RAG | Automatisation CERTIFICATION: RS 6776 ORGANISME: INSTITUT MON ASSISTANT NUMERIQUE NIVEAU: 0,texte modele intitule creation de contenus redactionnels et visuels par l usage responsable de l intelligence artificielle generative public cible tout professionnel souhaitant maitriser l ia dans son activite niveau 0 modalite a distance duree 16 h certification rs 6776 codes rome 0 organisme institut mon assistant numerique intitule creation de contenus redactionnels et visuels par l usage responsable de l intelligence artificielle generative competences ia nlp prompt engineering ia generative ethique de l ia rag automatisation certification rs 6776 organisme institut mon assistant numerique niveau 0,2f767cf836afe91cad0ee952,formation_group_id:d1ca1e0c84a3f0b0,6ac30304f914bb96,Création de contenus rédactionnels et visuels par l'usage responsable de l'intelligence artificielle générative,,,,1,group_duplicate,formation_group_id:d1ca1e0c84a3f0b0
dataset_entrainement.csv,data/processed/dataset_entrainement.csv,202,est_lie_ia,1,TEXTE_MODELE: Intitulé : Création de contenus rédactionnels et visuels par l'usage responsable de l'intelligence artificielle générative Public cible : Tout professionnel souhaitant maîtriser l'IA dans son activité Niveau : 0 Modalité : À distance Durée : 21 h Certification : RS 6776 Codes ROME : 0 Organisme : INSTITUT MON ASSISTANT NUMERIQUE INTITULE: Création de contenus rédactionnels et visuels par l'usage responsable de l'intelligence artificielle générative COMPETENCES_IA: NLP | Prompt Engineering | IA générative | Éthique de l’IA | Automatisation CERTIFICATION: RS 6776 ORGANISME: INSTITUT MON ASSISTANT NUMERIQUE NIVEAU: 0,texte modele intitule creation de contenus redactionnels et visuels par l usage responsable de l intelligence artificielle generative public cible tout professionnel souhaitant maitriser l ia dans son activite niveau 0 modalite a distance duree 21 h certification rs 6776 codes rome 0 organisme institut mon assistant numerique intitule creation de contenus redactionnels et visuels par l usage responsable de l intelligence artificielle generative competences ia nlp prompt engineering ia generative ethique de l ia automatisation certification rs 6776 organisme institut mon assistant numerique niveau 0,5c15d012b9f9575741c64be8,formation_group_id:0dae97e28580ec6d,095157865f505521,Création de contenus rédactionnels et visuels par l'usage responsable de l'intelligence artificielle générative,,,,1,near_duplicate,texte modele intitule creation de contenus redactionnels et visuels par l usage responsable de l intelligence artificielle generative public cible tout professionnel souhaitant maitriser l ia dans son activite niveau 0 modalite a distance duree 21 h certification rs 6776 codes rome 0 organisme institut mon assistant numerique intitule creation de contenus redactionnels et visuels par l usage responsable de l intelligence artificielle generative competences ia nlp prompt engineering ia generative ethique de l ia automatisation certification rs 6776 organisme institut mon assistant numerique niveau 0
dataset_entrainement.csv,data/processed/dataset_entrainement.csv,208,est_lie_ia,1,TEXTE_MODELE: Intitulé : Création de contenus rédactionnels et visuels par l usage responsable de l intelligence artificielle générative Public cible : Tout professionnel souhaitant maîtriser l'IA dans son activité Niveau : 0 Modalité : À distance Durée : 16 h Certification : RS 6776 Codes ROME : 0 Organisme : INSTITUT MON ASSISTANT NUMERIQUE INTITULE: Création de contenus rédactionnels et visuels par l usage responsable de l intelligence artificielle générative COMPETENCES_IA: NLP | Prompt Engineering | IA générative | Éthique de l’IA | RAG | Automatisation CERTIFICATION: RS 6776 ORGANISME: INSTITUT MON ASSISTANT NUMERIQUE NIVEAU: 0,texte modele intitule creation de contenus redactionnels et visuels par l usage responsable de l intelligence artificielle generative public cible tout professionnel souhaitant maitriser l ia dans son activite niveau 0 modalite a distance duree 16 h certification rs 6776 codes rome 0 organisme institut mon assistant numerique intitule creation de contenus redactionnels et visuels par l usage responsable de l intelligence artificielle generative competences ia nlp prompt engineering ia generative ethique de l ia rag automatisation certification rs 6776 organisme institut mon assistant numerique niveau 0,2f767cf836afe91cad0ee952,formation_group_id:d1ca1e0c84a3f0b0,ad24aad592f5f977,Création de contenus rédactionnels et visuels par l usage responsable de l intelligence artificielle générative,,,,1,group_duplicate,formation_group_id:d1ca1e0c84a3f0b0
dataset_entrainement.csv,data/processed/dataset_entrainement.csv,228,est_lie_ia,1,"TEXTE_MODELE: Intitulé : Architecte en intelligence artificielle Public cible : Ingénieurs / Bac+5 visant une expertise IA avancée Niveau : BAC+5 : grade master, DEA, DESS, ingénieur... (NIVEAU 7) Modalité : À distance Durée : 9 mois Certification : RNCP 41993 Codes ROME : 0 Organisme : NEOMA BUSINESS SCHOOL INTITULE: Architecte en intelligence artificielle COMPETENCES_IA: Deep Learning | Prompt Engineering | IA générative | Éthique de l’IA CERTIFICATION: RNCP 41993 ORGANISME: NEOMA BUSINESS SCHOOL NIVEAU: BAC+5 : grade master, DEA, DESS, ingénieur... (NIVEAU 7)",texte modele intitule architecte en intelligence artificielle public cible ingenieurs bac 5 visant une expertise ia avancee niveau bac 5 grade master dea dess ingenieur niveau 7 modalite a distance duree 9 mois certification rncp 41993 codes rome 0 organisme neoma business school intitule architecte en intelligence artificielle competences ia deep learning prompt engineering ia generative ethique de l ia certification rncp 41993 organisme neoma business school niveau bac 5 grade master dea dess ingenieur niveau 7,9439a29fc922fa698912fd9a,formation_group_id:07bb0a8849a44c34,9ec431b4a2b2cbc4,Architecte en intelligence artificielle,,,,1,group_duplicate,formation_group_id:07bb0a8849a44c34
dataset_entrainement.csv,data/processed/dataset_entrainement.csv,235,est_lie_ia,1,"TEXTE_MODELE: Intitulé : Concepteur développeur en intelligence artificielle et analyse big data Public cible : Professionnels Bac+3/4 en reconversion ou spécialisation IA Niveau : BAC+3 ou 4 : licence, master 1, maîtrise (NIVEAU 6) Modalité : À distance Durée : 360 h Certification : RNCP 38616 Codes ROME : 0 Organisme : LE WAGON INTITULE: Concepteur développeur en intelligence artificielle et analyse big data COMPETENCES_IA: Machine Learning | Data Science | Python pour l’IA | Visualisation | Data Engineering CERTIFICATION: RNCP 38616 ORGANISME: LE WAGON NIVEAU: BAC+3 ou 4 : licence, master 1, maîtrise (NIVEAU 6)",texte modele intitule concepteur developpeur en intelligence artificielle et analyse big data public cible professionnels bac 3 4 en reconversion ou specialisation ia niveau bac 3 ou 4 licence master 1 maitrise niveau 6 modalite a distance duree 360 h certification rncp 38616 codes rome 0 organisme le wagon intitule concepteur developpeur en intelligence artificielle et analyse big data competences ia machine learning data science python pour l ia visualisation data engineering certification rncp 38616 organisme le wagon niveau bac 3 ou 4 licence master 1 maitrise niveau 6,5ec08b40f61df12560d309e0,formation_group_id:b80dfd7ee8642004,35b6d66aba553e4b,Concepteur développeur en intelligence artificielle et analyse big data,,,,1,group_duplicate,formation_group_id:b80dfd7ee8642004
dataset_entrainement.csv,data/processed/dataset_entrainement.csv,237,est_lie_ia,1,"TEXTE_MODELE: Intitulé : Concepteur développeur en intelligence artificielle et analyse big data Public cible : Professionnels Bac+3/4 en reconversion ou spécialisation IA Niveau : BAC+3 ou 4 : licence, master 1, maîtrise (NIVEAU 6) Modalité : À distance Durée : 360 h Certification : RNCP 38616 Codes ROME : 0 Organisme : LE WAGON INTITULE: Concepteur développeur en intelligence artificielle et analyse big data COMPETENCES_IA: Machine Learning | Data Science | Python pour l’IA | Éthique de l’IA | Visualisation | Data Engineering CERTIFICATION: RNCP 38616 ORGANISME: LE WAGON NIVEAU: BAC+3 ou 4 : licence, master 1, maîtrise (NIVEAU 6)",texte modele intitule concepteur developpeur en intelligence artificielle et analyse big data public cible professionnels bac 3 4 en reconversion ou specialisation ia niveau bac 3 ou 4 licence master 1 maitrise niveau 6 modalite a distance duree 360 h certification rncp 38616 codes rome 0 organisme le wagon intitule concepteur developpeur en intelligence artificielle et analyse big data competences ia machine learning data science python pour l ia ethique de l ia visualisation data engineering certification rncp 38616 organisme le wagon niveau bac 3 ou 4 licence master 1 maitrise niveau 6,1e57209652e85b198614e78c,formation_group_id:b80dfd7ee8642004,a08ced239ba31387,Concepteur développeur en intelligence artificielle et analyse big data,,,,1,group_duplicate,formation_group_id:b80dfd7ee8642004
dataset_entrainement.csv,data/processed/dataset_entrainement.csv,239,est_lie_ia,1,"TEXTE_MODELE: Intitulé : Concepteur développeur en intelligence artificielle et analyse big data Public cible : Professionnels Bac+3/4 en reconversion ou spécialisation IA Niveau : BAC+3 ou 4 : licence, master 1, maîtrise (NIVEAU 6) Modalité : Présentiel Durée : 320 h Certification : RNCP 38616 Codes ROME : 0 Organisme : LE WAGON INTITULE: Concepteur développeur en intelligence artificielle et analyse big data COMPETENCES_IA: Machine Learning | NLP | Data Engineering | Data Science | Python pour l’IA | Éthique de l’IA | Big Data | Visualisation | No-code / Low-code | RAG | Automatisation | Séries temporelles CERTIFICATION: RNCP 38616 ORGANISME: LE WAGON NIVEAU: BAC+3 ou 4 : licence, master 1, maîtrise (NIVEAU 6)",texte modele intitule concepteur developpeur en intelligence artificielle et analyse big data public cible professionnels bac 3 4 en reconversion ou specialisation ia niveau bac 3 ou 4 licence master 1 maitrise niveau 6 modalite presentiel duree 320 h certification rncp 38616 codes rome 0 organisme le wagon intitule concepteur developpeur en intelligence artificielle et analyse big data competences ia machine learning nlp data engineering data science python pour l ia ethique de l ia big data visualisation no code low code rag automatisation series temporelles certification rncp 38616 organisme le wagon niveau bac 3 ou 4 licence master 1 maitrise niveau 6,2aa0168ad7b5b04bc6806682,formation_group_id:097364d6e950110b,07a925d35600b6d9,Concepteur développeur en intelligence artificielle et analyse big data,,,,1,group_duplicate,formation_group_id:097364d6e950110b
dataset_entrainement.csv,data/processed/dataset_entrainement.csv,240,est_lie_ia,1,"TEXTE_MODELE: Intitulé : Concepteur développeur en intelligence artificielle et analyse big data Public cible : Professionnels Bac+3/4 en reconversion ou spécialisation IA Niveau : BAC+3 ou 4 : licence, master 1, maîtrise (NIVEAU 6) Modalité : À distance Durée : 3 mois Certification : RNCP 38616 Codes ROME : 0 Organisme : ALYRA INTITULE: Concepteur développeur en intelligence artificielle et analyse big data COMPETENCES_IA: NLP | Computer Vision | Prompt Engineering | IA générative | Éthique de l’IA | Big Data | Automatisation CERTIFICATION: RNCP 38616 ORGANISME: ALYRA NIVEAU: BAC+3 ou 4 : licence, master 1, maîtrise (NIVEAU 6)",texte modele intitule concepteur developpeur en intelligence artificielle et analyse big data public cible professionnels bac 3 4 en reconversion ou specialisation ia niveau bac 3 ou 4 licence master 1 maitrise niveau 6 modalite a distance duree 3 mois certification rncp 38616 codes rome 0 organisme alyra intitule concepteur developpeur en intelligence artificielle et analyse big data competences ia nlp computer vision prompt engineering ia generative ethique de l ia big data automatisation certification rncp 38616 organisme alyra niveau bac 3 ou 4 licence master 1 maitrise niveau 6,8ae208b723244c5afe579cc6,formation_group_id:b040d48fbfac72ba,4caf058ba86fad5f,Concepteur développeur en intelligence artificielle et analyse big data,,,,1,group_duplicate,formation_group_id:b040d48fbfac72ba
dataset_entrainement.csv,data/processed/dataset_entrainement.csv,241,est_lie_ia,1,"TEXTE_MODELE: Intitulé : Concepteur développeur en intelligence artificielle et analyse big data Public cible : Professionnels Bac+3/4 en reconversion ou spécialisation IA Niveau : BAC+3 ou 4 : licence, master 1, maîtrise (NIVEAU 6) Modalité : À distance Durée : 360 h Certification : RNCP 38616 Codes ROME : 0 Organisme : LE WAGON INTITULE: Concepteur développeur en intelligence artificielle et analyse big data COMPETENCES_IA: Machine Learning | Deep Learning | Data Science | Python pour l’IA | Data Engineering CERTIFICATION: RNCP 38616 ORGANISME: LE WAGON NIVEAU: BAC+3 ou 4 : licence, master 1, maîtrise (NIVEAU 6)",texte modele intitule concepteur developpeur en intelligence artificielle et analyse big data public cible professionnels bac 3 4 en reconversion ou specialisation ia niveau bac 3 ou 4 licence master 1 maitrise niveau 6 modalite a distance duree 360 h certification rncp 38616 codes rome 0 organisme le wagon intitule concepteur developpeur en intelligence artificielle et analyse big data competences ia machine learning deep learning data science python pour l ia data engineering certification rncp 38616 organisme le wagon niveau bac 3 ou 4 licence master 1 maitrise niveau 6,e20312a55c758334fb5f7579,formation_group_id:b80dfd7ee8642004,8bec0e288fc60530,Concepteur développeur en intelligence artificielle et analyse big data,,,,1,group_duplicate,formation_group_id:b80dfd7ee8642004
dataset_entrainement.csv,data/processed/dataset_entrainement.csv,243,est_lie_ia,1,"TEXTE_MODELE: Intitulé : Concepteur développeur en intelligence artificielle et analyse big data Public cible : Professionnels Bac+3/4 en reconversion ou spécialisation IA Niveau : BAC+3 ou 4 : licence, master 1, maîtrise (NIVEAU 6) Modalité : À distance Durée : 9 mois Certification : RNCP 38616 Codes ROME : 0 Organisme : LE WAGON INTITULE: Concepteur développeur en intelligence artificielle et analyse big data COMPETENCES_IA: Data Science | Big Data | Visualisation | Data Engineering CERTIFICATION: RNCP 38616 ORGANISME: LE WAGON NIVEAU: BAC+3 ou 4 : licence, master 1, maîtrise (NIVEAU 6)",texte modele intitule concepteur developpeur en intelligence artificielle et analyse big data public cible professionnels bac 3 4 en reconversion ou specialisation ia niveau bac 3 ou 4 licence master 1 maitrise niveau 6 modalite a distance duree 9 mois certification rncp 38616 codes rome 0 organisme le wagon intitule concepteur developpeur en intelligence artificielle et analyse big data competences ia data science big data visualisation data engineering certification rncp 38616 organisme le wagon niveau bac 3 ou 4 licence master 1 maitrise niveau 6,fb90e0fd4981316e2462f69c,formation_group_id:23b19b58c77f6523,04f75e2718e956fa,Concepteur développeur en intelligence artificielle et analyse big data,,,,1,group_duplicate,formation_group_id:23b19b58c77f6523
dataset_entrainement.csv,data/processed/dataset_entrainement.csv,250,est_lie_ia,1,"TEXTE_MODELE: Intitulé : Expert en ingénierie et science des données Public cible : Ingénieurs / Bac+5 visant une expertise IA avancée Niveau : BAC+5 : grade master, DEA, DESS, ingénieur... (NIVEAU 7) Modalité : À distance Durée : 9 mois Certification : RNCP 39775 Codes ROME : 0 Organisme : OPENCLASSROOMS INTITULE: Expert en ingénierie et science des données COMPETENCES_IA: Machine Learning | Deep Learning | NLP | Computer Vision | IA générative | Data Science | RAG CERTIFICATION: RNCP 39775 ORGANISME: OPENCLASSROOMS NIVEAU: BAC+5 : grade master, DEA, DESS, ingénieur... (NIVEAU 7)",texte modele intitule expert en ingenierie et science des donnees public cible ingenieurs bac 5 visant une expertise ia avancee niveau bac 5 grade master dea dess ingenieur niveau 7 modalite a distance duree 9 mois certification rncp 39775 codes rome 0 organisme openclassrooms intitule expert en ingenierie et science des donnees competences ia machine learning deep learning nlp computer vision ia generative data science rag certification rncp 39775 organisme openclassrooms niveau bac 5 grade master dea dess ingenieur niveau 7,120b4432ee4a0b381ea513c2,formation_group_id:60e3e50b14dfef60,0980c8cbec003978,Expert en ingénierie et science des données,,,,1,group_duplicate,formation_group_id:60e3e50b14dfef60
dataset_entrainement.csv,data/processed/dataset_entrainement.csv,251,est_lie_ia,1,"TEXTE_MODELE: Intitulé : Concepteur développeur en intelligence artificielle et analyse big data Public cible : Professionnels Bac+3/4 en reconversion ou spécialisation IA Niveau : BAC+3 ou 4 : licence, master 1, maîtrise (NIVEAU 6) Modalité : À distance Durée : 9 mois Certification : RNCP 38616 Codes ROME : 0 Organisme : LE WAGON INTITULE: Concepteur développeur en intelligence artificielle et analyse big data COMPETENCES_IA: Data Engineering | Data Science | Python pour l’IA | Éthique de l’IA | Automatisation CERTIFICATION: RNCP 38616 ORGANISME: LE WAGON NIVEAU: BAC+3 ou 4 : licence, master 1, maîtrise (NIVEAU 6)",texte modele intitule concepteur developpeur en intelligence artificielle et analyse big data public cible professionnels bac 3 4 en reconversion ou specialisation ia niveau bac 3 ou 4 licence master 1 maitrise niveau 6 modalite a distance duree 9 mois certification rncp 38616 codes rome 0 organisme le wagon intitule concepteur developpeur en intelligence artificielle et analyse big data competences ia data engineering data science python pour l ia ethique de l ia automatisation certification rncp 38616 organisme le wagon niveau bac 3 ou 4 licence master 1 maitrise niveau 6,715c14929031c897c60d7dba,formation_group_id:23b19b58c77f6523,457e209548c83c11,Concepteur développeur en intelligence artificielle et analyse big data,,,,1,group_duplicate,formation_group_id:23b19b58c77f6523
dataset_entrainement.csv,data/processed/dataset_entrainement.csv,252,est_lie_ia,1,"TEXTE_MODELE: Intitulé : Concepteur développeur en intelligence artificielle et analyse big data Public cible : Professionnels Bac+3/4 en reconversion ou spécialisation IA Niveau : BAC+3 ou 4 : licence, master 1, maîtrise (NIVEAU 6) Modalité : À distance Durée : 320 h Certification : RNCP 38616 Codes ROME : 0 Organisme : LE WAGON INTITULE: Concepteur développeur en intelligence artificielle et analyse big data COMPETENCES_IA: Machine Learning | Deep Learning | NLP | Data Science | Python pour l’IA | Éthique de l’IA | Big Data | RAG | Data Engineering CERTIFICATION: RNCP 38616 ORGANISME: LE WAGON NIVEAU: BAC+3 ou 4 : licence, master 1, maîtrise (NIVEAU 6)",texte modele intitule concepteur developpeur en intelligence artificielle et analyse big data public cible professionnels bac 3 4 en reconversion ou specialisation ia niveau bac 3 ou 4 licence master 1 maitrise niveau 6 modalite a distance duree 320 h certification rncp 38616 codes rome 0 organisme le wagon intitule concepteur developpeur en intelligence artificielle et analyse big data competences ia machine learning deep learning nlp data science python pour l ia ethique de l ia big data rag data engineering certification rncp 38616 organisme le wagon niveau bac 3 ou 4 licence master 1 maitrise niveau 6,f559a182a652146c64d520c6,formation_group_id:584d454ba15ad25f,c03c22b70a8c82f0,Concepteur développeur en intelligence artificielle et analyse big data,,,,1,group_duplicate,formation_group_id:584d454ba15ad25f
dataset_entrainement.csv,data/processed/dataset_entrainement.csv,253,est_lie_ia,1,"TEXTE_MODELE: Intitulé : Concepteur développeur en intelligence artificielle et analyse big data Public cible : Professionnels Bac+3/4 en reconversion ou spécialisation IA Niveau : BAC+3 ou 4 : licence, master 1, maîtrise (NIVEAU 6) Modalité : À distance Durée : 320 h Certification : RNCP 38616 Codes ROME : 0 Organisme : LE WAGON INTITULE: Concepteur développeur en intelligence artificielle et analyse big data COMPETENCES_IA: Machine Learning | NLP | Data Engineering | Data Science | Python pour l’IA | Big Data | Visualisation | RAG CERTIFICATION: RNCP 38616 ORGANISME: LE WAGON NIVEAU: BAC+3 ou 4 : licence, master 1, maîtrise (NIVEAU 6)",texte modele intitule concepteur developpeur en intelligence artificielle et analyse big data public cible professionnels bac 3 4 en reconversion ou specialisation ia niveau bac 3 ou 4 licence master 1 maitrise niveau 6 modalite a distance duree 320 h certification rncp 38616 codes rome 0 organisme le wagon intitule concepteur developpeur en intelligence artificielle et analyse big data competences ia machine learning nlp data engineering data science python pour l ia big data visualisation rag certification rncp 38616 organisme le wagon niveau bac 3 ou 4 licence master 1 maitrise niveau 6,e1cc7041c7ac5c3e83c6294e,formation_group_id:584d454ba15ad25f,7188326956426083,Concepteur développeur en intelligence artificielle et analyse big data,,,,1,group_duplicate,formation_group_id:584d454ba15ad25f
dataset_entrainement.csv,data/processed/dataset_entrainement.csv,254,est_lie_ia,1,"TEXTE_MODELE: Intitulé : Expert en ingénierie et science des données Public cible : Managers et professionnels RH souhaitant intégrer l'IA dans leur management Niveau : BAC+5 : grade master, DEA, DESS, ingénieur... (NIVEAU 7) Modalité : À distance Durée : 9 mois Certification : RNCP 39775 Codes ROME : 0 Organisme : OPENCLASSROOMS INTITULE: Expert en ingénierie et science des données COMPETENCES_IA: Data Engineering | RAG CERTIFICATION: RNCP 39775 ORGANISME: OPENCLASSROOMS NIVEAU: BAC+5 : grade master, DEA, DESS, ingénieur... (NIVEAU 7)",texte modele intitule expert en ingenierie et science des donnees public cible managers et professionnels rh souhaitant integrer l ia dans leur management niveau bac 5 grade master dea dess ingenieur niveau 7 modalite a distance duree 9 mois certification rncp 39775 codes rome 0 organisme openclassrooms intitule expert en ingenierie et science des donnees competences ia data engineering rag certification rncp 39775 organisme openclassrooms niveau bac 5 grade master dea dess ingenieur niveau 7,ab5db1804788716304178b02,formation_group_id:60e3e50b14dfef60,71cf4a92da7f50a9,Expert en ingénierie et science des données,,,,1,group_duplicate,formation_group_id:60e3e50b14dfef60
dataset_entrainement.csv,data/processed/dataset_entrainement.csv,255,est_lie_ia,1,"TEXTE_MODELE: Intitulé : Concepteur développeur en intelligence artificielle et analyse big data Public cible : Professionnels Bac+3/4 en reconversion ou spécialisation IA Niveau : BAC+3 ou 4 : licence, master 1, maîtrise (NIVEAU 6) Modalité : À distance Durée : 3 mois Certification : RNCP 38616 Codes ROME : 0 Organisme : ALYRA INTITULE: Concepteur développeur en intelligence artificielle et analyse big data COMPETENCES_IA: Deep Learning | NLP | Computer Vision | Prompt Engineering | Machine Learning | Éthique de l’IA | Big Data | RAG | Automatisation CERTIFICATION: RNCP 38616 ORGANISME: ALYRA NIVEAU: BAC+3 ou 4 : licence, master 1, maîtrise (NIVEAU 6)",texte modele intitule concepteur developpeur en intelligence artificielle et analyse big data public cible professionnels bac 3 4 en reconversion ou specialisation ia niveau bac 3 ou 4 licence master 1 maitrise niveau 6 modalite a distance duree 3 mois certification rncp 38616 codes rome 0 organisme alyra intitule concepteur developpeur en intelligence artificielle et analyse big data competences ia deep learning nlp computer vision prompt engineering machine learning ethique de l ia big data rag automatisation certification rncp 38616 organisme alyra niveau bac 3 ou 4 licence master 1 maitrise niveau 6,1ca3b3478f1ec886fbf31932,formation_group_id:b040d48fbfac72ba,9b182f3a1fe95dbd,Concepteur développeur en intelligence artificielle et analyse big data,,,,1,group_duplicate,formation_group_id:b040d48fbfac72ba
dataset_entrainement.csv,data/processed/dataset_entrainement.csv,256,est_lie_ia,1,"TEXTE_MODELE: Intitulé : Concepteur développeur en intelligence artificielle et analyse big data Public cible : Professionnels Bac+3/4 en reconversion ou spécialisation IA Niveau : BAC+3 ou 4 : licence, master 1, maîtrise (NIVEAU 6) Modalité : À distance Durée : 40 h Certification : RNCP 38616 Codes ROME : 0 Organisme : LE WAGON INTITULE: Concepteur développeur en intelligence artificielle et analyse big data COMPETENCES_IA: Data Science | Visualisation | Data Engineering CERTIFICATION: RNCP 38616 ORGANISME: LE WAGON NIVEAU: BAC+3 ou 4 : licence, master 1, maîtrise (NIVEAU 6)",texte modele intitule concepteur developpeur en intelligence artificielle et analyse big data public cible professionnels bac 3 4 en reconversion ou specialisation ia niveau bac 3 ou 4 licence master 1 maitrise niveau 6 modalite a distance duree 40 h certification rncp 38616 codes rome 0 organisme le wagon intitule concepteur developpeur en intelligence artificielle et analyse big data competences ia data science visualisation data engineering certification rncp 38616 organisme le wagon niveau bac 3 ou 4 licence master 1 maitrise niveau 6,2a1360678f2dac5150049c72,formation_group_id:d5737d5abe8a57cc,c40831231b244c22,Concepteur développeur en intelligence artificielle et analyse big data,,,,1,group_duplicate,formation_group_id:d5737d5abe8a57cc
dataset_entrainement.csv,data/processed/dataset_entrainement.csv,257,est_lie_ia,1,"TEXTE_MODELE: Intitulé : Concepteur développeur en intelligence artificielle et analyse big data Public cible : Professionnels Bac+3/4 en reconversion ou spécialisation IA Niveau : BAC+3 ou 4 : licence, master 1, maîtrise (NIVEAU 6) Modalité : À distance Durée : 320 h Certification : RNCP 38616 Codes ROME : 0 Organisme : LE WAGON INTITULE: Concepteur développeur en intelligence artificielle et analyse big data COMPETENCES_IA: Machine Learning | NLP | Data Engineering | Data Science | Python pour l’IA | Éthique de l’IA | Big Data | Visualisation CERTIFICATION: RNCP 38616 ORGANISME: LE WAGON NIVEAU: BAC+3 ou 4 : licence, master 1, maîtrise (NIVEAU 6)",texte modele intitule concepteur developpeur en intelligence artificielle et analyse big data public cible professionnels bac 3 4 en reconversion ou specialisation ia niveau bac 3 ou 4 licence master 1 maitrise niveau 6 modalite a distance duree 320 h certification rncp 38616 codes rome 0 organisme le wagon intitule concepteur developpeur en intelligence artificielle et analyse big data competences ia machine learning nlp data engineering data science python pour l ia ethique de l ia big data visualisation certification rncp 38616 organisme le wagon niveau bac 3 ou 4 licence master 1 maitrise niveau 6,34a56cfff5f44db751f64d60,formation_group_id:584d454ba15ad25f,c74bc3270292ec55,Concepteur développeur en intelligence artificielle et analyse big data,,,,1,group_duplicate,formation_group_id:584d454ba15ad25f
dataset_entrainement.csv,data/processed/dataset_entrainement.csv,258,est_lie_ia,1,"TEXTE_MODELE: Intitulé : Concepteur développeur en intelligence artificielle et analyse big data Public cible : Professionnels Bac+3/4 en reconversion ou spécialisation IA Niveau : BAC+3 ou 4 : licence, master 1, maîtrise (NIVEAU 6) Modalité : À distance Durée : 320 h Certification : RNCP 38616 Codes ROME : 0 Organisme : LE WAGON INTITULE: Concepteur développeur en intelligence artificielle et analyse big data COMPETENCES_IA: Machine Learning | Deep Learning | NLP | Python pour l’IA | Éthique de l’IA | RAG | Data Engineering CERTIFICATION: RNCP 38616 ORGANISME: LE WAGON NIVEAU: BAC+3 ou 4 : licence, master 1, maîtrise (NIVEAU 6)",texte modele intitule concepteur developpeur en intelligence artificielle et analyse big data public cible professionnels bac 3 4 en reconversion ou specialisation ia niveau bac 3 ou 4 licence master 1 maitrise niveau 6 modalite a distance duree 320 h certification rncp 38616 codes rome 0 organisme le wagon intitule concepteur developpeur en intelligence artificielle et analyse big data competences ia machine learning deep learning nlp python pour l ia ethique de l ia rag data engineering certification rncp 38616 organisme le wagon niveau bac 3 ou 4 licence master 1 maitrise niveau 6,a3f45024a9fdbce87d185b8d,formation_group_id:584d454ba15ad25f,9f2257d2d5d22ccc,Concepteur développeur en intelligence artificielle et analyse big data,,,,1,group_duplicate,formation_group_id:584d454ba15ad25f
dataset_entrainement.csv,data/processed/dataset_entrainement.csv,259,est_lie_ia,1,"TEXTE_MODELE: Intitulé : Concepteur développeur en intelligence artificielle et analyse big data Public cible : Professionnels Bac+3/4 en reconversion ou spécialisation IA Niveau : BAC+3 ou 4 : licence, master 1, maîtrise (NIVEAU 6) Modalité : À distance Durée : 360 h Certification : RNCP 38616 Codes ROME : 0 Organisme : LE WAGON INTITULE: Concepteur développeur en intelligence artificielle et analyse big data COMPETENCES_IA: Machine Learning | Data Science | Python pour l’IA | Big Data | Visualisation | Data Engineering CERTIFICATION: RNCP 38616 ORGANISME: LE WAGON NIVEAU: BAC+3 ou 4 : licence, master 1, maîtrise (NIVEAU 6)",texte modele intitule concepteur developpeur en intelligence artificielle et analyse big data public cible professionnels bac 3 4 en reconversion ou specialisation ia niveau bac 3 ou 4 licence master 1 maitrise niveau 6 modalite a distance duree 360 h certification rncp 38616 codes rome 0 organisme le wagon intitule concepteur developpeur en intelligence artificielle et analyse big data competences ia machine learning data science python pour l ia big data visualisation data engineering certification rncp 38616 organisme le wagon niveau bac 3 ou 4 licence master 1 maitrise niveau 6,86a64d0be75e8f88fd8abc88,formation_group_id:b80dfd7ee8642004,4a2e4aab676240f7,Concepteur développeur en intelligence artificielle et analyse big data,,,,1,group_duplicate,formation_group_id:b80dfd7ee8642004
dataset_entrainement.csv,data/processed/dataset_entrainement.csv,260,est_lie_ia,1,"TEXTE_MODELE: Intitulé : Concepteur développeur en intelligence artificielle et analyse big data Public cible : Professionnels Bac+3/4 en reconversion ou spécialisation IA Niveau : BAC+3 ou 4 : licence, master 1, maîtrise (NIVEAU 6) Modalité : Présentiel Durée : 320 h Certification : RNCP 38616 Codes ROME : 0 Organisme : LE WAGON INTITULE: Concepteur développeur en intelligence artificielle et analyse big data COMPETENCES_IA: Machine Learning | NLP | Data Engineering | Data Science | Python pour l’IA | Éthique de l’IA | Big Data | Visualisation | Automatisation | Séries temporelles CERTIFICATION: RNCP 38616 ORGANISME: LE WAGON NIVEAU: BAC+3 ou 4 : licence, master 1, maîtrise (NIVEAU 6)",texte modele intitule concepteur developpeur en intelligence artificielle et analyse big data public cible professionnels bac 3 4 en reconversion ou specialisation ia niveau bac 3 ou 4 licence master 1 maitrise niveau 6 modalite presentiel duree 320 h certification rncp 38616 codes rome 0 organisme le wagon intitule concepteur developpeur en intelligence artificielle et analyse big data competences ia machine learning nlp data engineering data science python pour l ia ethique de l ia big data visualisation automatisation series temporelles certification rncp 38616 organisme le wagon niveau bac 3 ou 4 licence master 1 maitrise niveau 6,f1e27712c91de2a8c0287b69,formation_group_id:097364d6e950110b,dfe2b2e277fffed2,Concepteur développeur en intelligence artificielle et analyse big data,,,,1,group_duplicate,formation_group_id:097364d6e950110b
dataset_entrainement.csv,data/processed/dataset_entrainement.csv,261,est_lie_ia,1,"TEXTE_MODELE: Intitulé : Concepteur développeur en intelligence artificielle et analyse big data Public cible : Professionnels Bac+3/4 en reconversion ou spécialisation IA Niveau : BAC+3 ou 4 : licence, master 1, maîtrise (NIVEAU 6) Modalité : À distance Durée : 3 mois Certification : RNCP 38616 Codes ROME : 0 Organisme : ALYRA INTITULE: Concepteur développeur en intelligence artificielle et analyse big data COMPETENCES_IA: Machine Learning | Deep Learning | Data Science | Python pour l’IA | Visualisation | Data Engineering CERTIFICATION: RNCP 38616 ORGANISME: ALYRA NIVEAU: BAC+3 ou 4 : licence, master 1, maîtrise (NIVEAU 6)",texte modele intitule concepteur developpeur en intelligence artificielle et analyse big data public cible professionnels bac 3 4 en reconversion ou specialisation ia niveau bac 3 ou 4 licence master 1 maitrise niveau 6 modalite a distance duree 3 mois certification rncp 38616 codes rome 0 organisme alyra intitule concepteur developpeur en intelligence artificielle et analyse big data competences ia machine learning deep learning data science python pour l ia visualisation data engineering certification rncp 38616 organisme alyra niveau bac 3 ou 4 licence master 1 maitrise niveau 6,dcf7d8fb31f756d075bdf1e3,formation_group_id:b040d48fbfac72ba,23af9767b055877b,Concepteur développeur en intelligence artificielle et analyse big data,,,,1,group_duplicate,formation_group_id:b040d48fbfac72ba
dataset_entrainement.csv,data/processed/dataset_entrainement.csv,280,est_lie_ia,1,TEXTE_MODELE: Intitulé : Produire et réviser du contenu professionnel multimédia en utilisant les outils d'Intelligence Artificielle Générative (IAG) de façon responsable Public cible : Tout professionnel souhaitant maîtriser l'IA dans son activité Niveau : 0 Modalité : À distance Durée : 21 h Certification : RS 6891 Codes ROME : 0 Organisme : DOLFI INTITULE: Produire et réviser du contenu professionnel multimédia en utilisant les outils d'Intelligence Artificielle Générative (IAG) de façon responsable COMPETENCES_IA: Prompt Engineering | IA générative | Éthique de l’IA CERTIFICATION: RS 6891 ORGANISME: DOLFI NIVEAU: 0,texte modele intitule produire et reviser du contenu professionnel multimedia en utilisant les outils d intelligence artificielle generative iag de facon responsable public cible tout professionnel souhaitant maitriser l ia dans son activite niveau 0 modalite a distance duree 21 h certification rs 6891 codes rome 0 organisme dolfi intitule produire et reviser du contenu professionnel multimedia en utilisant les outils d intelligence artificielle generative iag de facon responsable competences ia prompt engineering ia generative ethique de l ia certification rs 6891 organisme dolfi niveau 0,330111cbb6e1e1b3dee089be,formation_group_id:ac6ee0ed7bddd843,0f77164fd02a3c33,Produire et réviser du contenu professionnel multimédia en utilisant les outils d'Intelligence Artificielle Générative (IAG) de façon responsable,,,,1,group_duplicate,formation_group_id:ac6ee0ed7bddd843
dataset_entrainement.csv,data/processed/dataset_entrainement.csv,283,est_lie_ia,1,TEXTE_MODELE: Intitulé : Produire et réviser du contenu professionnel multimédia en utilisant les outils d'Intelligence Artificielle Générative (IAG) de façon responsable Public cible : Tout professionnel souhaitant maîtriser l'IA dans son activité Niveau : 0 Modalité : Présentiel Durée : 14 h Certification : RS 6891 Codes ROME : 0 Organisme : DOLFI INTITULE: Produire et réviser du contenu professionnel multimédia en utilisant les outils d'Intelligence Artificielle Générative (IAG) de façon responsable COMPETENCES_IA: NLP | Prompt Engineering | IA générative | Éthique de l’IA | RAG CERTIFICATION: RS 6891 ORGANISME: DOLFI NIVEAU: 0,texte modele intitule produire et reviser du contenu professionnel multimedia en utilisant les outils d intelligence artificielle generative iag de facon responsable public cible tout professionnel souhaitant maitriser l ia dans son activite niveau 0 modalite presentiel duree 14 h certification rs 6891 codes rome 0 organisme dolfi intitule produire et reviser du contenu professionnel multimedia en utilisant les outils d intelligence artificielle generative iag de facon responsable competences ia nlp prompt engineering ia generative ethique de l ia rag certification rs 6891 organisme dolfi niveau 0,a79239ca20cc49d1e1421f4b,formation_group_id:caa63c9f96d78fb7,f7a0476c781879cf,Produire et réviser du contenu professionnel multimédia en utilisant les outils d'Intelligence Artificielle Générative (IAG) de façon responsable,,,,1,group_duplicate,formation_group_id:caa63c9f96d78fb7
dataset_entrainement.csv,data/processed/dataset_entrainement.csv,293,est_lie_ia,1,TEXTE_MODELE: Intitulé : Création de contenus rédactionnels et visuels par l'usage responsable de l'intelligence artificielle générative Public cible : Tout professionnel souhaitant maîtriser l'IA dans son activité Niveau : 0 Modalité : À distance Durée : 21 h Certification : RS 6776 Codes ROME : 0 Organisme : INSTITUT MON ASSISTANT NUMERIQUE INTITULE: Création de contenus rédactionnels et visuels par l'usage responsable de l'intelligence artificielle générative COMPETENCES_IA: NLP | Prompt Engineering | IA générative | Éthique de l’IA | RAG | Automatisation CERTIFICATION: RS 6776 ORGANISME: INSTITUT MON ASSISTANT NUMERIQUE NIVEAU: 0,texte modele intitule creation de contenus redactionnels et visuels par l usage responsable de l intelligence artificielle generative public cible tout professionnel souhaitant maitriser l ia dans son activite niveau 0 modalite a distance duree 21 h certification rs 6776 codes rome 0 organisme institut mon assistant numerique intitule creation de contenus redactionnels et visuels par l usage responsable de l intelligence artificielle generative competences ia nlp prompt engineering ia generative ethique de l ia rag automatisation certification rs 6776 organisme institut mon assistant numerique niveau 0,a073dd0962a6281864f774ae,formation_group_id:0dae97e28580ec6d,709b6c5a8c0970bd,Création de contenus rédactionnels et visuels par l'usage responsable de l'intelligence artificielle générative,,,,1,group_duplicate,formation_group_id:0dae97e28580ec6d
dataset_entrainement.csv,data/processed/dataset_entrainement.csv,298,est_lie_ia,1,TEXTE_MODELE: Intitulé : Utiliser l'intelligence artificielle générative pour améliorer son efficacité professionnelle par un usage responsable Public cible : Tout professionnel souhaitant maîtriser l'IA dans son activité Niveau : 0 Modalité : À distance Durée : 14 h Certification : RS 7232 Codes ROME : 0 Organisme : CCI FORMATION PRO INTITULE: Utiliser l'intelligence artificielle générative pour améliorer son efficacité professionnelle par un usage responsable COMPETENCES_IA: NLP | Prompt Engineering | IA générative | Éthique de l’IA | RAG | Automatisation CERTIFICATION: RS 7232 ORGANISME: CCI FORMATION PRO NIVEAU: 0,texte modele intitule utiliser l intelligence artificielle generative pour ameliorer son efficacite professionnelle par un usage responsable public cible tout professionnel souhaitant maitriser l ia dans son activite niveau 0 modalite a distance duree 14 h certification rs 7232 codes rome 0 organisme cci formation pro intitule utiliser l intelligence artificielle generative pour ameliorer son efficacite professionnelle par un usage responsable competences ia nlp prompt engineering ia generative ethique de l ia rag automatisation certification rs 7232 organisme cci formation pro niveau 0,0a61e08021965e6d4c020153,formation_group_id:ac788cc6fea2061c,9abc6c8bfb27e89b,Utiliser l'intelligence artificielle générative pour améliorer son efficacité professionnelle par un usage responsable,,,,1,group_duplicate,formation_group_id:ac788cc6fea2061c
dataset_entrainement.csv,data/processed/dataset_entrainement.csv,306,est_lie_ia,1,TEXTE_MODELE: Intitulé : Création de contenus rédactionnels et visuels par l'usage responsable de l'intelligence artificielle générative Public cible : Tout professionnel souhaitant maîtriser l'IA dans son activité Niveau : 0 Modalité : À distance Durée : 21 h Certification : RS 6776 Codes ROME : 0 Organisme : STUDERIA INTITULE: Création de contenus rédactionnels et visuels par l'usage responsable de l'intelligence artificielle générative COMPETENCES_IA: Prompt Engineering | IA générative | Éthique de l’IA | No-code / Low-code | Automatisation CERTIFICATION: RS 6776 ORGANISME: STUDERIA NIVEAU: 0,texte modele intitule creation de contenus redactionnels et visuels par l usage responsable de l intelligence artificielle generative public cible tout professionnel souhaitant maitriser l ia dans son activite niveau 0 modalite a distance duree 21 h certification rs 6776 codes rome 0 organisme studeria intitule creation de contenus redactionnels et visuels par l usage responsable de l intelligence artificielle generative competences ia prompt engineering ia generative ethique de l ia no code low code automatisation certification rs 6776 organisme studeria niveau 0,6ccb18e58a8996bfd08542ab,formation_group_id:034dc3f0d44e2118,03da8d0b3e0b01a5,Création de contenus rédactionnels et visuels par l'usage responsable de l'intelligence artificielle générative,,,,1,group_duplicate,formation_group_id:034dc3f0d44e2118
dataset_entrainement.csv,data/processed/dataset_entrainement.csv,317,est_lie_ia,1,TEXTE_MODELE: Intitulé : Produire et réviser du contenu professionnel multimédia en utilisant les outils d'Intelligence Artificielle Générative (IAG) de façon responsable Public cible : Tout professionnel souhaitant maîtriser l'IA dans son activité Niveau : 0 Modalité : À distance Durée : 35 h Certification : RS 6891 Codes ROME : 0 Organisme : VIDEO DESIGN FORMATION INTITULE: Produire et réviser du contenu professionnel multimédia en utilisant les outils d'Intelligence Artificielle Générative (IAG) de façon responsable COMPETENCES_IA: NLP | Prompt Engineering | IA générative | Éthique de l’IA CERTIFICATION: RS 6891 ORGANISME: VIDEO DESIGN FORMATION NIVEAU: 0,texte modele intitule produire et reviser du contenu professionnel multimedia en utilisant les outils d intelligence artificielle generative iag de facon responsable public cible tout professionnel souhaitant maitriser l ia dans son activite niveau 0 modalite a distance duree 35 h certification rs 6891 codes rome 0 organisme video design formation intitule produire et reviser du contenu professionnel multimedia en utilisant les outils d intelligence artificielle generative iag de facon responsable competences ia nlp prompt engineering ia generative ethique de l ia certification rs 6891 organisme video design formation niveau 0,17bb87ff651723f52b98126e,formation_group_id:b9f0022b5e962971,fe10619691817300,Produire et réviser du contenu professionnel multimédia en utilisant les outils d'Intelligence Artificielle Générative (IAG) de façon responsable,,,,1,group_duplicate,formation_group_id:b9f0022b5e962971
dataset_entrainement.csv,data/processed/dataset_entrainement.csv,318,est_lie_ia,1,TEXTE_MODELE: Intitulé : Produire et réviser du contenu professionnel multimédia en utilisant les outils d'Intelligence Artificielle Générative (IAG) de façon responsable Public cible : Tout professionnel souhaitant maîtriser l'IA dans son activité Niveau : 0 Modalité : À distance Durée : 28 h Certification : RS 6891 Codes ROME : 0 Organisme : G404 INTITULE: Produire et réviser du contenu professionnel multimédia en utilisant les outils d'Intelligence Artificielle Générative (IAG) de façon responsable COMPETENCES_IA: NLP | Prompt Engineering | IA générative | Éthique de l’IA | No-code / Low-code | Automatisation | Gestion de projet IA CERTIFICATION: RS 6891 ORGANISME: G404 NIVEAU: 0,texte modele intitule produire et reviser du contenu professionnel multimedia en utilisant les outils d intelligence artificielle generative iag de facon responsable public cible tout professionnel souhaitant maitriser l ia dans son activite niveau 0 modalite a distance duree 28 h certification rs 6891 codes rome 0 organisme g404 intitule produire et reviser du contenu professionnel multimedia en utilisant les outils d intelligence artificielle generative iag de facon responsable competences ia nlp prompt engineering ia generative ethique de l ia no code low code automatisation gestion de projet ia certification rs 6891 organisme g404 niveau 0,9f31971e630176c6ef9768c7,formation_group_id:bab6443275f476bd,149a88b315b84411,Produire et réviser du contenu professionnel multimédia en utilisant les outils d'Intelligence Artificielle Générative (IAG) de façon responsable,,,,1,group_duplicate,formation_group_id:bab6443275f476bd
dataset_entrainement.csv,data/processed/dataset_entrainement.csv,325,est_lie_ia,1,TEXTE_MODELE: Intitulé : Produire et réviser du contenu professionnel multimédia en utilisant les outils d'Intelligence Artificielle Générative (IAG) de façon responsable Public cible : Dirigeants de TPE/PME souhaitant intégrer l'IA dans leur activité Modalité : À distance Durée : Non communiquée Certification : RS 6891 Codes ROME : 0 Organisme : MAGNITUDE FORMATIONS INTITULE: Produire et réviser du contenu professionnel multimédia en utilisant les outils d'Intelligence Artificielle Générative (IAG) de façon responsable COMPETENCES_IA: Deep Learning | IA générative | Éthique de l’IA | Séries temporelles CERTIFICATION: RS 6891 ORGANISME: MAGNITUDE FORMATIONS,texte modele intitule produire et reviser du contenu professionnel multimedia en utilisant les outils d intelligence artificielle generative iag de facon responsable public cible dirigeants de tpe pme souhaitant integrer l ia dans leur activite modalite a distance duree non communiquee certification rs 6891 codes rome 0 organisme magnitude formations intitule produire et reviser du contenu professionnel multimedia en utilisant les outils d intelligence artificielle generative iag de facon responsable competences ia deep learning ia generative ethique de l ia series temporelles certification rs 6891 organisme magnitude formations,f2282a5854810298392e7562,formation_group_id:83affaa9a8652ad5,7a45c8cfe1e00d5a,Produire et réviser du contenu professionnel multimédia en utilisant les outils d'Intelligence Artificielle Générative (IAG) de façon responsable,,,,1,group_duplicate,formation_group_id:83affaa9a8652ad5
dataset_entrainement.csv,data/processed/dataset_entrainement.csv,331,est_lie_ia,1,TEXTE_MODELE: Intitulé : Produire et réviser du contenu professionnel multimédia en utilisant les outils d'Intelligence Artificielle Générative (IAG) de façon responsable Public cible : Tout professionnel souhaitant maîtriser l'IA dans son activité Niveau : 0 Modalité : À distance Durée : 35 h Certification : RS 6891 Codes ROME : 0 Organisme : VIDEO DESIGN FORMATION INTITULE: Produire et réviser du contenu professionnel multimédia en utilisant les outils d'Intelligence Artificielle Générative (IAG) de façon responsable COMPETENCES_IA: Machine Learning | Prompt Engineering | IA générative | Éthique de l’IA | Automatisation CERTIFICATION: RS 6891 ORGANISME: VIDEO DESIGN FORMATION NIVEAU: 0,texte modele intitule produire et reviser du contenu professionnel multimedia en utilisant les outils d intelligence artificielle generative iag de facon responsable public cible tout professionnel souhaitant maitriser l ia dans son activite niveau 0 modalite a distance duree 35 h certification rs 6891 codes rome 0 organisme video design formation intitule produire et reviser du contenu professionnel multimedia en utilisant les outils d intelligence artificielle generative iag de facon responsable competences ia machine learning prompt engineering ia generative ethique de l ia automatisation certification rs 6891 organisme video design formation niveau 0,b75e3e64bbade40525d97872,formation_group_id:b9f0022b5e962971,be81ebef10d6c954,Produire et réviser du contenu professionnel multimédia en utilisant les outils d'Intelligence Artificielle Générative (IAG) de façon responsable,,,,1,group_duplicate,formation_group_id:b9f0022b5e962971
dataset_entrainement.csv,data/processed/dataset_entrainement.csv,333,est_lie_ia,1,TEXTE_MODELE: Intitulé : Produire et réviser du contenu professionnel multimédia en utilisant les outils d'Intelligence Artificielle Générative (IAG) de façon responsable Public cible : Tout professionnel souhaitant maîtriser l'IA dans son activité Niveau : 0 Modalité : À distance Durée : 35 h Certification : RS 6891 Codes ROME : 0 Organisme : VIDEO DESIGN FORMATION INTITULE: Produire et réviser du contenu professionnel multimédia en utilisant les outils d'Intelligence Artificielle Générative (IAG) de façon responsable COMPETENCES_IA: NLP | Prompt Engineering | IA générative | Éthique de l’IA | Automatisation CERTIFICATION: RS 6891 ORGANISME: VIDEO DESIGN FORMATION NIVEAU: 0,texte modele intitule produire et reviser du contenu professionnel multimedia en utilisant les outils d intelligence artificielle generative iag de facon responsable public cible tout professionnel souhaitant maitriser l ia dans son activite niveau 0 modalite a distance duree 35 h certification rs 6891 codes rome 0 organisme video design formation intitule produire et reviser du contenu professionnel multimedia en utilisant les outils d intelligence artificielle generative iag de facon responsable competences ia nlp prompt engineering ia generative ethique de l ia automatisation certification rs 6891 organisme video design formation niveau 0,90054ab45269656f1a974876,formation_group_id:b9f0022b5e962971,daf6da4981e323b9,Produire et réviser du contenu professionnel multimédia en utilisant les outils d'Intelligence Artificielle Générative (IAG) de façon responsable,,,,1,group_duplicate,formation_group_id:b9f0022b5e962971
dataset_entrainement.csv,data/processed/dataset_entrainement.csv,656,est_lie_ia,0,"TEXTE_MODELE: Intitulé : INTEGRER LA DEMARCHE CONSEIL DANS LE PROCESSUS DE VENTE Description : -Présenter sa démarche de conseillors des entretiens commerciaux - Pratiquer unquestionnement personnalisélors des entretiens commerciaux -Coconstruireavec le prospect/client unesolution personnalisée | 1. Maitriser son discours commercial et susciter l'interet Les principales etapes de l'entretien Jeu de role: situation d'entretien prospect/client Public cible : Commerciaux, vendeurs, chargés de clientèle Modalité : Présentiel Durée : 21 h Certification : RS 7149 Organisme : GALDEMAR BAPTISTE INTITULE: INTEGRER LA DEMARCHE CONSEIL DANS LE PROCESSUS DE VENTE DESCRIPTION: -Présenter sa démarche de conseillors des entretiens commerciaux - Pratiquer unquestionnement personnalisélors des entretiens commerciaux -Coconstruireavec le prospect/client unesolution personnalisée | 1. Maitriser son discours commercial et susciter l'interet Les principales etapes de l'entretien Jeu de role: situation d'entretien prospect/client CERTIFICATION: RS 7149 ORGANISME: GALDEMAR BAPTISTE",texte modele intitule integrer la demarche conseil dans le processus de vente description presenter sa demarche de conseillors des entretiens commerciaux pratiquer unquestionnement personnaliselors des entretiens commerciaux coconstruireavec le prospect client unesolution personnalisee 1 maitriser son discours commercial et susciter l interet les principales etapes de l entretien jeu de role situation d entretien prospect client public cible commerciaux vendeurs charges de clientele modalite presentiel duree 21 h certification rs 7149 organisme galdemar baptiste intitule integrer la demarche conseil dans le processus de vente description presenter sa demarche de conseillors des entretiens commerciaux pratiquer unquestionnement personnaliselors des entretiens commerciaux coconstruireavec le prospect client unesolution personnalisee 1 maitriser son discours commercial et susciter l interet les principales etapes de l entretien jeu de role situation d entretien prospect client certification rs 7149 organisme galdemar baptiste,198585ec5008cee99c19c24c,formation_group_id:2a3341ffa123056d,88dc161566e779c1,INTEGRER LA DEMARCHE CONSEIL DANS LE PROCESSUS DE VENTE,-Présenter sa démarche de conseillors des entretiens commerciaux - Pratiquer unquestionnement personnalisélors des entretiens commerciaux -Coconstruireavec le prospect/client unesolution personnalisée | 1. Maitriser son discours commercial et susciter l'interet Les principales etapes de l'entretien Jeu de role: situation d'entretien prospect/client,,,0,group_duplicate,formation_group_id:2a3341ffa123056d
