id,block,block_name,activity,code,label,official_description,normalized_label,category,subcategory,technical_keywords,origin_document,aliases,source_page,active
B1-A1-C1,B1,Bloc 1,A1,A1-C1,"Recueillir les besoins métiers (optimisation du CRM, ciblage des campagnes marketing, ...)","Recueillir les besoins métiers (optimisation du CRM, ciblage des campagnes marketing, ...) en rencontrant les différents services de l’entreprise afin de déterminer la nécessité d’entreprendre une stratégie de développement et d’intégration de technologies de science des données",recueillir les besoins metiers optimisation du crm ciblage des campagnes marketing,cadrage de projet IA,Analyse des besoins métiers,[],Referentiel de certification - Ingenieur en intelligence artificelle janvier 2025.pdf,"[""Recueillir les besoins métiers (optimisation du CRM, ciblage des campagnes marketing, ...)"", ""préparation des données"", ""nettoyage des données"", ""normalisation"", ""prétraitement""]",2,True
B1-A1-C2,B1,Bloc 1,A1,A1-C2,Structurer le processus d'identification des exigences métier,"Structurer le processus d'identification des exigences métier pour un projet intégrant l'IA en formalisant ces besoins à travers des scénarios utilisateur, afin de créer de solutions adaptées aux attentes des clients et à plusieurs profils y compris ceux utilisant des technologies d’assistance",structurer le processus d identification des exigences metier,analyse des besoins métiers,Structurer le processus d'identification des exigences métier,[],Referentiel de certification - Ingenieur en intelligence artificelle janvier 2025.pdf,"[""Structurer le processus d'identification des exigences métier""]",2,True
B1-A2-C1,B1,Bloc 1,A2,A2-C1,Effectuer une veille des outils et des tendances émergentes,Effectuer une veille des outils et des tendances émergentes en intelligence artificielle en actualisant son expertise afin de garantir que les méthodes appliquées intègrent efficacement les dernières techniques disponibles,effectuer une veille des outils et des tendances emergentes,Other,Effectuer une veille des outils et des tendances émergentes,[],Referentiel de certification - Ingenieur en intelligence artificelle janvier 2025.pdf,"[""Effectuer une veille des outils et des tendances émergentes""]",3,True
B1-A3-C1,B1,Bloc 1,A3,A3-C1,Établir une roadmap,"Établir une roadmap en formalisant les besoins, les objectifs et les contraintes (y compris les contraintes de robustesse et compatibilité avec les technologies d’assistance comme VoiceOver, NVDA ou JAWS) afin de définir le périmètre du projet d’intelligence artificielle et son déroulement sous la forme d’itérations",etablir une roadmap,gestion de projet,Pilotage,"[""AWS""]",Referentiel de certification - Ingenieur en intelligence artificelle janvier 2025.pdf,"[""Établir une roadmap""]",3,True
B1-A4-C1,B1,Bloc 1,A4,A4-C1,Identifier les aspects du projet IA qui pourraient ne pas être conformes,"Identifier les aspects du projet IA qui pourraient ne pas être conformes aux réglementations en vigueur, en particulier en ce qui concerne la collecte, le stockage, le traitement et la gestion des données personnelles, et le principe de notification et rétroaction nécessaires pour les lecteurs d’écran afin d’élaborer une stratégie d'atténuation",identifier les aspects du projet ia qui pourraient ne pas etre conformes,cadrage de projet IA,Stratégie,[],Referentiel de certification - Ingenieur en intelligence artificelle janvier 2025.pdf,"[""Identifier les aspects du projet IA qui pourraient ne pas être conformes"", ""préparation des données"", ""nettoyage des données"", ""normalisation"", ""prétraitement""]",3,True
B1-A4-C2,B1,Bloc 1,A4,A4-C2,"Évaluer la responsabilité civile découlant de l'utilisation des systèmes IA, notamment","Évaluer la responsabilité civile découlant de l'utilisation des systèmes IA, notamment en cas de préjudice causé à des tiers par des décisions ou des actions automatisées, afin d’élaborer une stratégie d'atténuation des risques juridiques",evaluer la responsabilite civile decoulant de l utilisation des systemes ia notamment,cadrage de projet IA,Stratégie,[],Referentiel de certification - Ingenieur en intelligence artificelle janvier 2025.pdf,"[""Évaluer la responsabilité civile découlant de l'utilisation des systèmes IA, notamment""]",3,True
B1-A4-C3,B1,Bloc 1,A4,A4-C3,"Examiner le projet IA, ses vulnérabilités, celles de ses systèmes informatiques, les","Examiner le projet IA, ses vulnérabilités, celles de ses systèmes informatiques, les cyberattaques, le piratage ou la fuite de données sensibles ; afin d’élaborer une stratégie de mitigation des risques de sécurité et de donner des mécanismes de contestation",examiner le projet ia ses vulnerabilites celles de ses systemes informatiques les,cadrage de projet IA,Stratégie,[],Referentiel de certification - Ingenieur en intelligence artificelle janvier 2025.pdf,"[""Examiner le projet IA, ses vulnérabilités, celles de ses systèmes informatiques, les"", ""préparation des données"", ""nettoyage des données"", ""normalisation"", ""prétraitement""]",3,True
B1-A4-C4,B1,Bloc 1,A4,A4-C4,Évaluer les risques éthiques liés à l'utilisation de l'IA,Évaluer les risques éthiques liés à l'utilisation de l'IA en examinant les réglementations et les lois pertinentes en matière d'éthique applicables au projet IA afin de mitiger les risques normatifs et de réputation,evaluer les risques ethiques lies a l utilisation de l ia,gouvernance et éthique,Éthique,[],Referentiel de certification - Ingenieur en intelligence artificelle janvier 2025.pdf,"[""Évaluer les risques éthiques liés à l'utilisation de l'IA""]",4,True
B1-A4-C5,B1,Bloc 1,A4,A4-C5,Rechercher les biais potentiels dans les données d'entraînement ou dans les algorithmes,"Rechercher les biais potentiels dans les données d'entraînement ou dans les algorithmes utilisés, afin de détecter des éléments qui pourraient entraîner des résultats discriminatoires ou injustes et prendre en compte les contraintes technologiques et économiques (ex. compatibilité avec des appareils à faible puissance) qui peuvent nuire à l’inclusivité",rechercher les biais potentiels dans les donnees d entrainement ou dans les algorithmes,gouvernance et éthique,Éthique,[],Referentiel de certification - Ingenieur en intelligence artificelle janvier 2025.pdf,"[""Rechercher les biais potentiels dans les données d'entraînement ou dans les algorithmes"", ""préparation des données"", ""nettoyage des données"", ""normalisation"", ""prétraitement""]",4,True
B1-A4-C6,B1,Bloc 1,A4,A4-C6,"Examiner les impacts potentiels du projet IA sur l'économie, l'environnement et d'autres","Examiner les impacts potentiels du projet IA sur l'économie, l'environnement et d'autres aspects non techniques afin d’identifier les risques sociaux des implémentations choisies",examiner les impacts potentiels du projet ia sur l economie l environnement et d autres,Other,"Examiner les impacts potentiels du projet IA sur l'économie, l'environnement et ",[],Referentiel de certification - Ingenieur en intelligence artificelle janvier 2025.pdf,"[""Examiner les impacts potentiels du projet IA sur l'économie, l'environnement et d'autres""]",4,True
B1-A4-C7,B1,Bloc 1,A4,A4-C7,Identifier les risques potentiels,Identifier les risques potentiels pour la réputation de l'organisation découlant de l'utilisation de l'IA afin d’éviter les retombées négatives sur la marque ou la perte de confiance des clients,identifier les risques potentiels,Other,Identifier les risques potentiels,[],Referentiel de certification - Ingenieur en intelligence artificelle janvier 2025.pdf,"[""Identifier les risques potentiels""]",4,True
B1-A5-C1,B1,Bloc 1,A5,A5-C1,Identifier les modules ou les composants de l'application existante qui sont fortement,"Identifier les modules ou les composants de l'application existante qui sont fortement couplés, afin de faciliter l'évolutivité des briques techniques enrichies par l’IA dans une application qui tient compte de la privacité dès la conception",identifier les modules ou les composants de l application existante qui sont fortement,Other,Identifier les modules ou les composants de l'application existante qui sont for,[],Referentiel de certification - Ingenieur en intelligence artificelle janvier 2025.pdf,"[""Identifier les modules ou les composants de l'application existante qui sont fortement""]",4,True
B1-A5-C2,B1,Bloc 1,A5,A5-C2,Séparer les fonctionnalités IA,"Séparer les fonctionnalités IA en modules distincts, chacun étant responsable d'une tâche spécifique, afin de réduire les dépendances et les interactions avec d'autres parties de l'application",separer les fonctionnalites ia,gouvernance et éthique,Séparer les fonctionnalités IA,[],Referentiel de certification - Ingenieur en intelligence artificelle janvier 2025.pdf,"[""Séparer les fonctionnalités IA""]",4,True
B1-A5-C3,B1,Bloc 1,A5,A5-C3,Utiliser des standards ouverts et des formats de données interopérables,Utiliser des standards ouverts et des formats de données interopérables pour échanger des informations entre les fonctionnalités IA et les autres composants de l'application afin de favoriser l'intégration et l'interopérabilité,utiliser des standards ouverts et des formats de donnees interoperables,Other,Utiliser des standards ouverts et des formats de données interopérables,[],Referentiel de certification - Ingenieur en intelligence artificelle janvier 2025.pdf,"[""Utiliser des standards ouverts et des formats de données interopérables"", ""préparation des données"", ""nettoyage des données"", ""normalisation"", ""prétraitement""]",4,True
B1-A5-C4,B1,Bloc 1,A5,A5-C4,Élaborer un plan,"Élaborer un plan pour la transition de l'architecture monolithique vers une architecture plus flexible et évolutive, en définissant des étapes progressives afin de faciliter la refonte et la réorganisation de l'application",elaborer un plan,Other,Élaborer un plan,[],Referentiel de certification - Ingenieur en intelligence artificelle janvier 2025.pdf,"[""Élaborer un plan""]",4,True
B2-A1-C1,B2,Bloc 2,A1,A1-C1,Traiter les données manquantes et gérer les valeurs aberrantes,Traiter les données manquantes et gérer les valeurs aberrantes en minimisant les données en accord avec le RGPD tout en réduisant l’impact sur la validité des résultats afin d'assurer l'intégrité des données,traiter les donnees manquantes et gerer les valeurs aberrantes,RGPD et sécurité,RGPD,"[""RGPD""]",Referentiel de certification - Ingenieur en intelligence artificelle janvier 2025.pdf,"[""Traiter les données manquantes et gérer les valeurs aberrantes"", ""préparation des données"", ""nettoyage des données"", ""normalisation"", ""prétraitement""]",6,True
B2-A1-C2,B2,Bloc 2,A1,A1-C2,"Nettoyer des données temporelles et gérer les lacunes dans les séries temporelles,","Nettoyer des données temporelles et gérer les lacunes dans les séries temporelles, en définissant des critères de nettoyage avec des techniques d’imputation afin de vérifier une cohérence temporelle dans l’application",nettoyer des donnees temporelles et gerer les lacunes dans les series temporelles,préparation des données,Nettoyage,[],Referentiel de certification - Ingenieur en intelligence artificelle janvier 2025.pdf,"[""Nettoyer des données temporelles et gérer les lacunes dans les séries temporelles,"", ""préparation des données"", ""nettoyage des données"", ""normalisation"", ""prétraitement""]",6,True
B2-A1-C3,B2,Bloc 2,A1,A1-C3,Normaliser et mettre à l’échelle,Normaliser et mettre à l’échelle pour une sélection appropriée des données en fonction du contexte du modèle afin de garantir que ces données sont préparées de manière optimale,normaliser et mettre a l echelle,Other,Normaliser et mettre à l’échelle,"[""scikit-learn"", ""Transformers"", ""BERT"", ""GPT"", ""Word2Vec"", ""SVM"", ""Random Forest"", ""XGBoost"", ""K-Means"", ""DBSCAN"", ""PCA""]",Referentiel de certification - Ingenieur en intelligence artificelle janvier 2025.pdf,"[""Normaliser et mettre à l’échelle"", ""NLP"", ""traitement du langage naturel"", ""tokenisation"", ""embeddings"", ""word2vec"", ""bert"", ""gpt"", ""transformers"", ""Machine Learning"", ""scikit-learn"", ""random forest"", ""xgboost"", ""svm"", ""k-means"", ""dbscan"", ""pca"", ""préparation des données"", ""nettoyage des données"", ""normalisation"", ""prétraitement""]",6,True
B2-A1-C4,B2,Bloc 2,A1,A1-C4,Atténuer les effets des valeurs extrêmes,"Atténuer les effets des valeurs extrêmes afin de garantir des résultats plus stables, fiables et moins sensibles",attenuer les effets des valeurs extremes,Other,Atténuer les effets des valeurs extrêmes,[],Referentiel de certification - Ingenieur en intelligence artificelle janvier 2025.pdf,"[""Atténuer les effets des valeurs extrêmes""]",6,True
B2-A1-C5,B2,Bloc 2,A1,A1-C5,Discrétiser les variables continues,Discrétiser les variables continues en réduisant la sensibilité aux valeurs spécifiques et encoder les variables catégorielles afin de garantir une représentation numérique appropriée des catégories,discretiser les variables continues,Other,Discrétiser les variables continues,[],Referentiel de certification - Ingenieur en intelligence artificelle janvier 2025.pdf,"[""Discrétiser les variables continues""]",6,True
B2-A2-C1,B2,Bloc 2,A2,A2-C1,Évaluer les sources de données,"Évaluer les sources de données afin de garantir que les données utilisées dans un projet sont fiables, de haute qualité et alignées sur les objectifs du projet et les régulations en cours, en contribuant ainsi à des analyses et des décisions plus robustes",evaluer les sources de donnees,data quality,Évaluer les sources de données,[],Referentiel de certification - Ingenieur en intelligence artificelle janvier 2025.pdf,"[""Évaluer les sources de données"", ""préparation des données"", ""nettoyage des données"", ""normalisation"", ""prétraitement""]",7,True
B2-A2-C2,B2,Bloc 2,A2,A2-C2,Réduire la dimension des données,"Réduire la dimension des données en éliminant les redondances, en anonymisant et en « de-identificant » les données tout en préservant les aspects les plus significatifs des données afin de simplifier et sécuriser la manipulation et l'analyse",reduire la dimension des donnees,Other,Réduire la dimension des données,[],Referentiel de certification - Ingenieur en intelligence artificelle janvier 2025.pdf,"[""Réduire la dimension des données"", ""préparation des données"", ""nettoyage des données"", ""normalisation"", ""prétraitement""]",7,True
B2-A2-C3,B2,Bloc 2,A2,A2-C3,Préparer le texte,"Préparer le texte pour l’apprentissage en établissant des critères de pré-traitement et des méthodes de nettoyage / normalisation; afin d’assurer la qualité, la cohérence et la pertinence des données textuelles pour permettre une analyse et une modélisation efficaces",preparer le texte,data quality,Préparer le texte,"[""Transformers"", ""BERT"", ""GPT"", ""Word2Vec""]",Referentiel de certification - Ingenieur en intelligence artificelle janvier 2025.pdf,"[""Préparer le texte"", ""NLP"", ""traitement du langage naturel"", ""tokenisation"", ""embeddings"", ""word2vec"", ""bert"", ""gpt"", ""transformers"", ""préparation des données"", ""nettoyage des données"", ""normalisation"", ""prétraitement""]",7,True
B2-A3-C1,B2,Bloc 2,A3,A3-C1,Définir une stratégie de qualité de la donnée,"Définir une stratégie de qualité de la donnée en utilisant des critères de qualité afin de garantir que les données et les analyses sont fiables, de haute qualité et répondent aux exigences métier spécifiques et pour contribuer à la prise de décision informée et à la confiance dans les résultats obtenus",definir une strategie de qualite de la donnee,cadrage de projet IA,Stratégie,[],Referentiel de certification - Ingenieur en intelligence artificelle janvier 2025.pdf,"[""Définir une stratégie de qualité de la donnée"", ""préparation des données"", ""nettoyage des données"", ""normalisation"", ""prétraitement""]",7,True
B2-A3-C2,B2,Bloc 2,A3,A3-C2,Surveiller les anomalies statistiques,Surveiller les anomalies statistiques en utilisant des techniques de détection afin d’identifier celles qui pourraient compromettre l'intégrité des analyses et des modèles,surveiller les anomalies statistiques,statistiques,Surveiller les anomalies statistiques,"[""scikit-learn"", ""SVM"", ""Random Forest"", ""XGBoost"", ""K-Means"", ""DBSCAN"", ""PCA""]",Referentiel de certification - Ingenieur en intelligence artificelle janvier 2025.pdf,"[""Surveiller les anomalies statistiques"", ""Machine Learning"", ""scikit-learn"", ""random forest"", ""xgboost"", ""svm"", ""k-means"", ""dbscan"", ""pca""]",7,True
B2-A3-C3,B2,Bloc 2,A3,A3-C3,Valider les volumes de données collectées,Valider les volumes de données collectées en analysant les quantités de données afin d’éviter les biais liés à des données insuffisantes,valider les volumes de donnees collectees,gouvernance et éthique,Éthique,[],Referentiel de certification - Ingenieur en intelligence artificelle janvier 2025.pdf,"[""Valider les volumes de données collectées"", ""préparation des données"", ""nettoyage des données"", ""normalisation"", ""prétraitement""]",7,True
B2-A4-C1,B2,Bloc 2,A4,A4-C1,Explorer les données disponibles les tendances et les patterns pertinents,Explorer les données disponibles les tendances et les patterns pertinents pour les enjeux métier afin de définir le périmètre de l’intervention de l’apprentissage automatique en prévoyant les caractéristiques clé,explorer les donnees disponibles les tendances et les patterns pertinents,analyse des besoins métiers,Explorer les données disponibles les tendances et les patterns pertinents,"[""scikit-learn"", ""SVM"", ""Random Forest"", ""XGBoost"", ""K-Means"", ""DBSCAN"", ""PCA""]",Referentiel de certification - Ingenieur en intelligence artificelle janvier 2025.pdf,"[""Explorer les données disponibles les tendances et les patterns pertinents"", ""Machine Learning"", ""scikit-learn"", ""random forest"", ""xgboost"", ""svm"", ""k-means"", ""dbscan"", ""pca"", ""préparation des données"", ""nettoyage des données"", ""normalisation"", ""prétraitement""]",8,True
B2-A4-C2,B2,Bloc 2,A4,A4-C2,Identifier une gamme de modèles d'apprentissage automatique susceptibles de répondre aux exigences,"Identifier une gamme de modèles d'apprentissage automatique susceptibles de répondre aux exigences des enjeux métier, en tenant compte des spécificités des données et des objectifs afin de choisir la meilleure solution en vue des données disponibles",identifier une gamme de modeles d apprentissage automatique susceptibles de repondre aux exigences,analyse des besoins métiers,Identifier une gamme de modèles d'apprentissage automatique susceptibles de répo,"[""scikit-learn"", ""SVM"", ""Random Forest"", ""XGBoost"", ""K-Means"", ""DBSCAN"", ""PCA""]",Referentiel de certification - Ingenieur en intelligence artificelle janvier 2025.pdf,"[""Identifier une gamme de modèles d'apprentissage automatique susceptibles de répondre aux exigences"", ""Machine Learning"", ""scikit-learn"", ""random forest"", ""xgboost"", ""svm"", ""k-means"", ""dbscan"", ""pca"", ""préparation des données"", ""nettoyage des données"", ""normalisation"", ""prétraitement""]",8,True
B2-A4-C3,B2,Bloc 2,A4,A4-C3,Tester les performances des différents modèles sur des ensembles de données d'entraînement,Tester les performances des différents modèles sur des ensembles de données d'entraînement et de validation avec des métriques diverses afin de faire une sélection justifiable en vérifiant les critères des métriques pertinentes,tester les performances des differents modeles sur des ensembles de donnees d entrainement,Other,Tester les performances des différents modèles sur des ensembles de données d'en,"[""scikit-learn"", ""SVM"", ""Random Forest"", ""XGBoost"", ""K-Means"", ""DBSCAN"", ""PCA""]",Referentiel de certification - Ingenieur en intelligence artificelle janvier 2025.pdf,"[""Tester les performances des différents modèles sur des ensembles de données d'entraînement"", ""Machine Learning"", ""scikit-learn"", ""random forest"", ""xgboost"", ""svm"", ""k-means"", ""dbscan"", ""pca"", ""préparation des données"", ""nettoyage des données"", ""normalisation"", ""prétraitement""]",8,True
B2-A4-C4,B2,Bloc 2,A4,A4-C4,Analyser les résultats de l'évaluation et sélectionner les modèles qui ont obtenu,"Analyser les résultats de l'évaluation et sélectionner les modèles qui ont obtenu les meilleures performances globales sur les ensembles de données d’évaluation en préservant la cohérence avec des facteurs comme l’équité algorithmique, la complexité du modèle ou la disponibilité et le coût des ressources afin de justifier rationnellement les choix faits",analyser les resultats de l evaluation et selectionner les modeles qui ont obtenu,Other,Analyser les résultats de l'évaluation et sélectionner les modèles qui ont obten,"[""scikit-learn"", ""SVM"", ""Random Forest"", ""XGBoost"", ""K-Means"", ""DBSCAN"", ""PCA""]",Referentiel de certification - Ingenieur en intelligence artificelle janvier 2025.pdf,"[""Analyser les résultats de l'évaluation et sélectionner les modèles qui ont obtenu"", ""Machine Learning"", ""scikit-learn"", ""random forest"", ""xgboost"", ""svm"", ""k-means"", ""dbscan"", ""pca"", ""préparation des données"", ""nettoyage des données"", ""normalisation"", ""prétraitement""]",8,True
B2-A5-C1,B2,Bloc 2,A5,A5-C1,Utiliser les données de validation ou des techniques telles que la validation,"Utiliser les données de validation ou des techniques telles que la validation croisée en calculant différentes métriques d'évaluation telles que l'exactitude, la précision, le rappel ou la F-mesure afin d’évaluer les performances du modèle entraîné",utiliser les donnees de validation ou des techniques telles que la validation,Machine Learning,Validation,"[""scikit-learn"", ""SVM"", ""Random Forest"", ""XGBoost"", ""K-Means"", ""DBSCAN"", ""PCA""]",Referentiel de certification - Ingenieur en intelligence artificelle janvier 2025.pdf,"[""Utiliser les données de validation ou des techniques telles que la validation"", ""Machine Learning"", ""scikit-learn"", ""random forest"", ""xgboost"", ""svm"", ""k-means"", ""dbscan"", ""pca"", ""préparation des données"", ""nettoyage des données"", ""normalisation"", ""prétraitement""]",9,True
B2-A5-C2,B2,Bloc 2,A5,A5-C2,Effectuer une recherche d'hyper paramètres,Effectuer une recherche d'hyper paramètres en ajustant les paramètres de chaque modèle afin d'améliorer encore leurs performances,effectuer une recherche d hyper parametres,Other,Effectuer une recherche d'hyper paramètres,"[""scikit-learn"", ""SVM"", ""Random Forest"", ""XGBoost"", ""K-Means"", ""DBSCAN"", ""PCA""]",Referentiel de certification - Ingenieur en intelligence artificelle janvier 2025.pdf,"[""Effectuer une recherche d'hyper paramètres"", ""Machine Learning"", ""scikit-learn"", ""random forest"", ""xgboost"", ""svm"", ""k-means"", ""dbscan"", ""pca""]",9,True
B2-A5-C3,B2,Bloc 2,A5,A5-C3,Effectuer les ajustements nécessaires,"Effectuer les ajustements nécessaires en réglant les hyperparamètres, en ajoutant ou en supprimant certaines fonctionnalités, ou en appliquant d'autres techniques d'optimisation afin d’améliorer les performances du modèle",effectuer les ajustements necessaires,Other,Effectuer les ajustements nécessaires,"[""scikit-learn"", ""SVM"", ""Random Forest"", ""XGBoost"", ""K-Means"", ""DBSCAN"", ""PCA""]",Referentiel de certification - Ingenieur en intelligence artificelle janvier 2025.pdf,"[""Effectuer les ajustements nécessaires"", ""Machine Learning"", ""scikit-learn"", ""random forest"", ""xgboost"", ""svm"", ""k-means"", ""dbscan"", ""pca""]",9,True
B2-A5-C4,B2,Bloc 2,A5,A5-C4,Identifier une gamme de modèles supervisés et non supervisés,Identifier une gamme de modèles supervisés et non supervisés en interagissant ensemble afin de contribuer à résoudre la problématique métier,identifier une gamme de modeles supervises et non supervises,analyse des besoins métiers,Identifier une gamme de modèles supervisés et non supervisés,"[""scikit-learn"", ""RAG"", ""SVM"", ""Random Forest"", ""XGBoost"", ""K-Means"", ""DBSCAN"", ""PCA""]",Referentiel de certification - Ingenieur en intelligence artificelle janvier 2025.pdf,"[""Identifier une gamme de modèles supervisés et non supervisés"", ""Machine Learning"", ""scikit-learn"", ""random forest"", ""xgboost"", ""svm"", ""k-means"", ""dbscan"", ""pca""]",9,True
B2-A5-C5,B2,Bloc 2,A5,A5-C5,Analyser les flux de données à travers l'application,"Analyser les flux de données à travers l'application pour identifier les points où les données nécessaires à l'IA sont générées, collectées, transformées ou stockées, afin d’évaluer la compatibilité de ces flux avec les besoins des modèles d'IA",analyser les flux de donnees a travers l application,Other,Analyser les flux de données à travers l'application,"[""scikit-learn"", ""SVM"", ""Random Forest"", ""XGBoost"", ""K-Means"", ""DBSCAN"", ""PCA""]",Referentiel de certification - Ingenieur en intelligence artificelle janvier 2025.pdf,"[""Analyser les flux de données à travers l'application"", ""Machine Learning"", ""scikit-learn"", ""random forest"", ""xgboost"", ""svm"", ""k-means"", ""dbscan"", ""pca"", ""préparation des données"", ""nettoyage des données"", ""normalisation"", ""prétraitement""]",5,True
B2-A5-C6,B2,Bloc 2,A5,A5-C6,Identifier les points de connexion entre le système d'IA et l'existant; et,Identifier les points de connexion entre le système d'IA et l'existant; et évaluer la facilité d'intégration de ces points de connexion avec l'architecture monolithique existante en définissant des étapes claires et des mesures de validation afin d’assurer la continuité opérationnelle,identifier les points de connexion entre le systeme d ia et l existant et,Other,Identifier les points de connexion entre le système d'IA et l'existant; et,[],Referentiel de certification - Ingenieur en intelligence artificelle janvier 2025.pdf,"[""Identifier les points de connexion entre le système d'IA et l'existant; et""]",5,True
B2-A5-C7,B2,Bloc 2,A5,A5-C7,Comparer les performances des modèles combinés avec celles des modèles individuels,Comparer les performances des modèles combinés avec celles des modèles individuels en utilisant des métriques communes afin d’évaluer l'impact de la combinaison,comparer les performances des modeles combines avec celles des modeles individuels,Other,Comparer les performances des modèles combinés avec celles des modèles individue,"[""scikit-learn"", ""SVM"", ""Random Forest"", ""XGBoost"", ""K-Means"", ""DBSCAN"", ""PCA""]",Referentiel de certification - Ingenieur en intelligence artificelle janvier 2025.pdf,"[""Comparer les performances des modèles combinés avec celles des modèles individuels"", ""Machine Learning"", ""scikit-learn"", ""random forest"", ""xgboost"", ""svm"", ""k-means"", ""dbscan"", ""pca""]",9,True
B2-A6-C1,B2,Bloc 2,A6,A6-C1,"Formuler des objectifs de prédiction spécifiques, mesurables et réalisables","Formuler des objectifs de prédiction spécifiques, mesurables et réalisables en répondant aux besoins du domaine métier afin d’aligner les défis techniques avec les priorités métier",formuler des objectifs de prediction specifiques mesurables et realisables,analyse des besoins métiers,"Formuler des objectifs de prédiction spécifiques, mesurables et réalisables","[""scikit-learn"", ""SVM"", ""Random Forest"", ""XGBoost"", ""K-Means"", ""DBSCAN"", ""PCA""]",Referentiel de certification - Ingenieur en intelligence artificelle janvier 2025.pdf,"[""Formuler des objectifs de prédiction spécifiques, mesurables et réalisables"", ""Machine Learning"", ""scikit-learn"", ""random forest"", ""xgboost"", ""svm"", ""k-means"", ""dbscan"", ""pca""]",10,True
B2-A6-C2,B2,Bloc 2,A6,A6-C2,Élaborer différents scénarios,Élaborer différents scénarios en définissant les variables d'entrée et les variables cibles pour chaque scénario afin de décrire les résultats à prédire dans des contextes spécifiques tout en expliquant le fonctionnement des prédictions,elaborer differents scenarios,Other,Élaborer différents scénarios,"[""scikit-learn"", ""Transformers"", ""BERT"", ""GPT"", ""Word2Vec"", ""SVM"", ""Random Forest"", ""XGBoost"", ""K-Means"", ""DBSCAN"", ""PCA""]",Referentiel de certification - Ingenieur en intelligence artificelle janvier 2025.pdf,"[""Élaborer différents scénarios"", ""NLP"", ""traitement du langage naturel"", ""tokenisation"", ""embeddings"", ""word2vec"", ""bert"", ""gpt"", ""transformers"", ""Machine Learning"", ""scikit-learn"", ""random forest"", ""xgboost"", ""svm"", ""k-means"", ""dbscan"", ""pca""]",10,True
B2-A6-C3,B2,Bloc 2,A6,A6-C3,Sélectionner les algorithmes d'apprentissage automatique appropriés,"Sélectionner les algorithmes d'apprentissage automatique appropriés pour chaque scénario, en prenant compte de ses caractéristiques et de ses exigences spécifiques afin d’avoir le système le mieux calibré possible entre choix technique et besoin métier",selectionner les algorithmes d apprentissage automatique appropries,cadrage de projet IA,Analyse des besoins métiers,"[""scikit-learn"", ""SVM"", ""Random Forest"", ""XGBoost"", ""K-Means"", ""DBSCAN"", ""PCA""]",Referentiel de certification - Ingenieur en intelligence artificelle janvier 2025.pdf,"[""Sélectionner les algorithmes d'apprentissage automatique appropriés"", ""Machine Learning"", ""scikit-learn"", ""random forest"", ""xgboost"", ""svm"", ""k-means"", ""dbscan"", ""pca""]",10,True
B2-A6-C4,B2,Bloc 2,A6,A6-C4,Pré-traiter les données,"Pré-traiter les données en nettoyant, normalisant et transformant les données brutes afin de le rendre conforme avec les besoins spécifiques de chaque scénario",pre traiter les donnees,Other,Pré-traiter les données,[],Referentiel de certification - Ingenieur en intelligence artificelle janvier 2025.pdf,"[""Pré-traiter les données"", ""préparation des données"", ""nettoyage des données"", ""normalisation"", ""prétraitement""]",10,True
B2-A6-C5,B2,Bloc 2,A6,A6-C5,Mettre,Mettre en œuvre les algorithmes sélectionnés en respectant les contraintes et les spécifications de chaque scénario afin d’avoir une implémentation dont la performance soit mesurable,mettre,Other,Mettre,[],Referentiel de certification - Ingenieur en intelligence artificelle janvier 2025.pdf,"[""Mettre""]",10,True
B3-A1-C1,B3,Bloc 3,A1,A1-C1,Adopter une approche itérative,"Adopter une approche itérative pour le développement des modèles d'IA, en commençant par des versions simples et en les améliorant progressivement afin d’adapter les modèles aux retours d'expérience et aux résultats obtenus",adopter une approche iterative,Other,Adopter une approche itérative,"[""scikit-learn"", ""SVM"", ""Random Forest"", ""XGBoost"", ""K-Means"", ""DBSCAN"", ""PCA""]",Referentiel de certification - Ingenieur en intelligence artificelle janvier 2025.pdf,"[""Adopter une approche itérative"", ""Machine Learning"", ""scikit-learn"", ""random forest"", ""xgboost"", ""svm"", ""k-means"", ""dbscan"", ""pca""]",11,True
B3-A1-C2,B3,Bloc 3,A1,A1-C2,Identifier les cas d'utilisation les plus pertinents et les plus à valeur,"Identifier les cas d'utilisation les plus pertinents et les plus à valeur ajoutée et une fois que le modèle initial est validé et que les performances sont satisfaisantes, étendre progressivement son usage à d'autres cas d'utilisation en ajoutant peu à peu de complexité afin de maîtriser le changement d’échelle du développement",identifier les cas d utilisation les plus pertinents et les plus a valeur,analyse des besoins métiers,Identifier les cas d'utilisation les plus pertinents et les plus à valeur,"[""scikit-learn"", ""SVM"", ""Random Forest"", ""XGBoost"", ""K-Means"", ""DBSCAN"", ""PCA""]",Referentiel de certification - Ingenieur en intelligence artificelle janvier 2025.pdf,"[""Identifier les cas d'utilisation les plus pertinents et les plus à valeur"", ""Machine Learning"", ""scikit-learn"", ""random forest"", ""xgboost"", ""svm"", ""k-means"", ""dbscan"", ""pca""]",11,True
B3-A1-C3,B3,Bloc 3,A1,A1-C3,Déployer le modèle dans un environnement de production restreint ou contrôlé valable,Déployer le modèle dans un environnement de production restreint ou contrôlé valable pour le « worst case scénario » et l’étendre progressivement à un plus large éventail d'utilisateurs une fois que le modèle initial est validé et que les performances sont satisfaisantes afin d’évaluer son impact et sa compatibilité avec les processus opérationnels existants,deployer le modele dans un environnement de production restreint ou controle valable,déploiement,Déployer le modèle dans un environnement de production restreint ou contrôlé val,"[""Docker"", ""MLflow"", ""FastAPI"", ""CI/CD"", ""AWS"", ""GCP"", ""scikit-learn"", ""SVM"", ""Random Forest"", ""XGBoost"", ""K-Means"", ""DBSCAN"", ""PCA""]",Referentiel de certification - Ingenieur en intelligence artificelle janvier 2025.pdf,"[""Déployer le modèle dans un environnement de production restreint ou contrôlé valable"", ""MLOps"", ""docker"", ""mlflow"", ""fastapi"", ""ci/cd"", ""aws sagemaker"", ""gcp vertex ai"", ""Machine Learning"", ""scikit-learn"", ""random forest"", ""xgboost"", ""svm"", ""k-means"", ""dbscan"", ""pca""]",11,True
B3-A2-C1,B3,Bloc 3,A2,A2-C1,"Planifier précisément les ressources (infrastructure, données, humaines)","Planifier précisément les ressources (infrastructure, données, humaines) en analysant chaque sprint du projet et les retours de fin d’itération afin d'assurer l’avancement du projet",planifier precisement les ressources infrastructure donnees humaines,Other,"Planifier précisément les ressources (infrastructure, données, humaines)","[""Docker"", ""MLflow"", ""FastAPI"", ""CI/CD"", ""AWS"", ""GCP""]",Referentiel de certification - Ingenieur en intelligence artificelle janvier 2025.pdf,"[""Planifier précisément les ressources (infrastructure, données, humaines)"", ""MLOps"", ""docker"", ""mlflow"", ""fastapi"", ""ci/cd"", ""aws sagemaker"", ""gcp vertex ai"", ""préparation des données"", ""nettoyage des données"", ""normalisation"", ""prétraitement""]",12,True
B3-A2-C2,B3,Bloc 3,A2,A2-C2,Valider l’évolution du travail de l’équipe et/ou des prestataires,Valider l’évolution du travail de l’équipe et/ou des prestataires en évaluant par rapport aux roadmaps accordées dans le but de fournir les livrables dans les délais,valider l evolution du travail de l equipe et ou des prestataires,gestion de projet,Pilotage,[],Referentiel de certification - Ingenieur en intelligence artificelle janvier 2025.pdf,"[""Valider l’évolution du travail de l’équipe et/ou des prestataires""]",12,True
B3-A2-C3,B3,Bloc 3,A2,A2-C3,"Encadrer une équipe projet intelligence artificielle, dont certains membres peuvent être","Encadrer une équipe projet intelligence artificielle, dont certains membres peuvent être en situation de handicap en clarifiant les rôles, en déterminant les objectifs et les missions de chacun et en validant le travail effectué afin de coordonner l’activité du projet",encadrer une equipe projet intelligence artificielle dont certains membres peuvent etre,Other,"Encadrer une équipe projet intelligence artificielle, dont certains membres peuv",[],Referentiel de certification - Ingenieur en intelligence artificelle janvier 2025.pdf,"[""Encadrer une équipe projet intelligence artificielle, dont certains membres peuvent être""]",12,True
B3-A2-C4,B3,Bloc 3,A2,A2-C4,"Articuler les ressources techniques, données et d’infrastructure","Articuler les ressources techniques, données et d’infrastructure en mettant en place des indicateurs de suivi afin de s’assurer le respect de la stratégie du projet",articuler les ressources techniques donnees et d infrastructure,cadrage de projet IA,Stratégie,"[""Docker"", ""MLflow"", ""FastAPI"", ""CI/CD"", ""AWS"", ""GCP""]",Referentiel de certification - Ingenieur en intelligence artificelle janvier 2025.pdf,"[""Articuler les ressources techniques, données et d’infrastructure"", ""MLOps"", ""docker"", ""mlflow"", ""fastapi"", ""ci/cd"", ""aws sagemaker"", ""gcp vertex ai"", ""préparation des données"", ""nettoyage des données"", ""normalisation"", ""prétraitement""]",12,True
B3-A3-C1,B3,Bloc 3,A3,A3-C1,Élaborer une méthodologie de travail,"Élaborer une méthodologie de travail en choisissant des algorithmes à examiner, les métriques à employer et l'interprétabilité du modèle suggéré, afin de clairement exposer l'approche de modélisation",elaborer une methodologie de travail,Other,Élaborer une méthodologie de travail,"[""scikit-learn"", ""SVM"", ""Random Forest"", ""XGBoost"", ""K-Means"", ""DBSCAN"", ""PCA""]",Referentiel de certification - Ingenieur en intelligence artificelle janvier 2025.pdf,"[""Élaborer une méthodologie de travail"", ""Machine Learning"", ""scikit-learn"", ""random forest"", ""xgboost"", ""svm"", ""k-means"", ""dbscan"", ""pca""]",12,True
B3-A3-C2,B3,Bloc 3,A3,A3-C2,Accompagner les équipes métiers inclusives dans l’appropriation des données et/ou des innovations,Accompagner les équipes métiers inclusives dans l’appropriation des données et/ou des innovations techniques et des méthodes au quotidien en apportant information et conseil afin d’assurer la prise en main de la solution,accompagner les equipes metiers inclusives dans l appropriation des donnees et ou des innovations,analyse des besoins métiers,Accompagner les équipes métiers inclusives dans l’appropriation des données et/o,[],Referentiel de certification - Ingenieur en intelligence artificelle janvier 2025.pdf,"[""Accompagner les équipes métiers inclusives dans l’appropriation des données et/ou des innovations"", ""préparation des données"", ""nettoyage des données"", ""normalisation"", ""prétraitement""]",12,True
B4-A1-C1,B4,Bloc 4,A1,A1-C1,Traduire des données chiffrées,Traduire des données chiffrées en informations opérationnelles en analysant les résultats afin d’aider la prise de décision business pour les métiers de l’entreprise,traduire des donnees chiffrees,analyse des besoins métiers,Traduire des données chiffrées,[],Referentiel de certification - Ingenieur en intelligence artificelle janvier 2025.pdf,"[""Traduire des données chiffrées"", ""préparation des données"", ""nettoyage des données"", ""normalisation"", ""prétraitement""]",13,True
B4-A1-C2,B4,Bloc 4,A1,A1-C2,Présenter les données analysées de manière visuelle et avec clarté,Présenter les données analysées de manière visuelle et avec clarté en s’appuyant notamment sur l’infographie et la visualisation de données afin de rendre le résultat des analyses intelligible,presenter les donnees analysees de maniere visuelle et avec clarte,visualisation et communication,Dataviz,"[""CNN""]",Referentiel de certification - Ingenieur en intelligence artificelle janvier 2025.pdf,"[""Présenter les données analysées de manière visuelle et avec clarté"", ""computer vision"", ""vision par ordinateur"", ""cnn"", ""deep learning"", ""préparation des données"", ""nettoyage des données"", ""normalisation"", ""prétraitement""]",13,True
B4-A2-C1,B4,Bloc 4,A2,A2-C1,Mesurer les écarts/non conformités,Mesurer les écarts/non conformités en utilisant des indicateurs définis en comparant les attendus aux résultats réels afin d’engager des actions correctives,mesurer les ecarts non conformites,gouvernance et éthique,Conformité,[],Referentiel de certification - Ingenieur en intelligence artificelle janvier 2025.pdf,"[""Mesurer les écarts/non conformités""]",14,True
B4-A2-C2,B4,Bloc 4,A2,A2-C2,Mesurer les impacts des données analysées,Mesurer les impacts des données analysées en lien avec les orientations stratégiques en utilisant des indicateurs afin d’obtenir des résultats quantitatifs,mesurer les impacts des donnees analysees,Other,Mesurer les impacts des données analysées,[],Referentiel de certification - Ingenieur en intelligence artificelle janvier 2025.pdf,"[""Mesurer les impacts des données analysées"", ""préparation des données"", ""nettoyage des données"", ""normalisation"", ""prétraitement""]",14,True
B4-A3-C1,B4,Bloc 4,A3,A3-C1,Concevoir des démonstrations interactives ou des prototypes,Concevoir des démonstrations interactives ou des prototypes en illustrant les applications concrètes des résultats du projet d'IA afin de vulgariser les résultats,concevoir des demonstrations interactives ou des prototypes,Other,Concevoir des démonstrations interactives ou des prototypes,[],Referentiel de certification - Ingenieur en intelligence artificelle janvier 2025.pdf,"[""Concevoir des démonstrations interactives ou des prototypes""]",15,True
B4-A3-C2,B4,Bloc 4,A3,A3-C2,Concevoir des,Concevoir des,concevoir des,Other,Concevoir des,[],Referentiel de certification - Ingenieur en intelligence artificelle janvier 2025.pdf,"[""Concevoir des""]",15,True
B4-A3-C3,B4,Bloc 4,A3,A3-C3,Collaborer avec les spécialistes,Collaborer avec les spécialistes en propriété intellectuelle en leur présentant les résultats afin d’évaluer la pertinence et la viabilité d’une valorisation de l’innovation par l’employeur,collaborer avec les specialistes,Other,Collaborer avec les spécialistes,[],Referentiel de certification - Ingenieur en intelligence artificelle janvier 2025.pdf,"[""Collaborer avec les spécialistes""]",15,True
B5A-A1-C1,B5A,Bloc 5A,A1,A1-C1,Différencier les architectures d'apprentissage profond,Différencier les architectures d'apprentissage profond en optimisant l'efficacité et la précision des modèles d'IA dans des applications réelles afin de choisir la structure la plus adaptée à une tâche spécifique,differencier les architectures d apprentissage profond,Other,et C2],[],Referentiel de certification - Ingenieur en intelligence artificelle janvier 2025.pdf,"[""Différencier les architectures d'apprentissage profond"", ""Machine Learning"", ""scikit-learn"", ""random forest"", ""xgboost"", ""svm"", ""k-means"", ""dbscan"", ""pca"", ""Deep Learning"", ""tensorflow"", ""keras"", ""pytorch"", ""cnn"", ""rnn"", ""lstm"", ""transformers"", ""NLP"", ""Computer Vision"", ""MLOps""]",16,True
B5A-A1-C2,B5A,Bloc 5A,A1,A1-C2,Utiliser les concepts des architectures d'apprentissage profond,Utiliser les concepts des architectures d'apprentissage profond en résolvant efficacement des problèmes complexes afin de concevoir et de mettre en œuvre des modèles d'intelligence artificielle sophistiqués,utiliser les concepts des architectures d apprentissage profond,Deep Learning,Utiliser les concepts des architectures d'apprentissage profond,"[""TensorFlow"", ""PyTorch"", ""Keras"", ""scikit-learn"", ""Transformers"", ""CNN"", ""RNN"", ""LSTM"", ""SVM"", ""Random Forest"", ""XGBoost"", ""K-Means"", ""DBSCAN"", ""PCA""]",Referentiel de certification - Ingenieur en intelligence artificelle janvier 2025.pdf,"[""Utiliser les concepts des architectures d'apprentissage profond"", ""Machine Learning"", ""scikit-learn"", ""random forest"", ""xgboost"", ""svm"", ""k-means"", ""dbscan"", ""pca"", ""Deep Learning"", ""tensorflow"", ""keras"", ""pytorch"", ""cnn"", ""rnn"", ""lstm"", ""transformers"", ""NLP"", ""Computer Vision"", ""MLOps""]",16,True
B5A-A1-C3,B5A,Bloc 5A,A1,A1-C3,Développer un modèle d’apprentissage,Développer un modèle d’apprentissage en intégrant les méthodes de traitement du langage naturel et d’apprentissage automatique sous-jacentes à l’analyse des textes afin de développer des applications capables de comprendre et d'interagir avec le langage naturel de manière efficace,developper un modele d apprentissage,Machine Learning,Développer un modèle d’apprentissage,"[""scikit-learn"", ""Transformers"", ""RAG"", ""BERT"", ""GPT"", ""Word2Vec"", ""SVM"", ""Random Forest"", ""XGBoost"", ""K-Means"", ""DBSCAN"", ""PCA""]",Referentiel de certification - Ingenieur en intelligence artificelle janvier 2025.pdf,"[""Développer un modèle d’apprentissage"", ""NLP"", ""traitement du langage naturel"", ""tokenisation"", ""embeddings"", ""word2vec"", ""bert"", ""gpt"", ""transformers"", ""Machine Learning"", ""scikit-learn"", ""random forest"", ""xgboost"", ""svm"", ""k-means"", ""dbscan"", ""pca"", ""Deep Learning"", ""Computer Vision"", ""MLOps""]",16,True
B5A-A1-C4,B5A,Bloc 5A,A1,A1-C4,Développer des modèles d’apprentissage profond,Développer des modèles d’apprentissage profond en s’appuyant sur les modèles de langues pré-entraînés afin de générer du texte,developper des modeles d apprentissage profond,Deep Learning,Développer des modèles d’apprentissage profond,"[""TensorFlow"", ""PyTorch"", ""Keras"", ""scikit-learn"", ""Transformers"", ""BERT"", ""GPT"", ""Word2Vec"", ""CNN"", ""RNN"", ""LSTM"", ""SVM"", ""Random Forest"", ""XGBoost"", ""K-Means"", ""DBSCAN"", ""PCA""]",Referentiel de certification - Ingenieur en intelligence artificelle janvier 2025.pdf,"[""Développer des modèles d’apprentissage profond"", ""NLP"", ""traitement du langage naturel"", ""tokenisation"", ""embeddings"", ""word2vec"", ""bert"", ""gpt"", ""transformers"", ""Machine Learning"", ""scikit-learn"", ""random forest"", ""xgboost"", ""svm"", ""k-means"", ""dbscan"", ""pca"", ""Deep Learning"", ""tensorflow"", ""keras"", ""pytorch"", ""cnn"", ""rnn"", ""lstm"", ""Computer Vision"", ""MLOps""]",16,True
B5A-A2-C1,B5A,Bloc 5A,A2,A2-C1,Modéliser les entités,Modéliser les entités en intégrant des règles logiques afin de créer des représentations formelles et structurées permettant ainsi une modélisation plus interprétable,modeliser les entites,Other,Modéliser les entités,[],Referentiel de certification - Ingenieur en intelligence artificelle janvier 2025.pdf,"[""Modéliser les entités"", ""Deep Learning"", ""NLP"", ""Computer Vision"", ""MLOps""]",17,True
B5A-A2-C2,B5A,Bloc 5A,A2,A2-C2,Identifier les relations et les règles qui pourraient être formalisés,"Identifier les relations et les règles qui pourraient être formalisés afin de détecter les structures récurrentes, les interconnexions dans les données en les représentant formellement pour une interprétation et une manipulation plus explicite de la connaissance métier",identifier les relations et les regles qui pourraient etre formalises,analyse des besoins métiers,Identifier les relations et les règles qui pourraient être formalisés,[],Referentiel de certification - Ingenieur en intelligence artificelle janvier 2025.pdf,"[""Identifier les relations et les règles qui pourraient être formalisés"", ""préparation des données"", ""nettoyage des données"", ""normalisation"", ""prétraitement"", ""Deep Learning"", ""NLP"", ""Computer Vision"", ""MLOps""]",17,True
B5A-A2-C3,B5A,Bloc 5A,A2,A2-C3,Formaliser les règles logiques,Formaliser les règles logiques en produisant une représentation précise et une utilisation efficace des connaissances afin de créer des structures cohérentes,formaliser les regles logiques,Other,Formaliser les règles logiques,[],Referentiel de certification - Ingenieur en intelligence artificelle janvier 2025.pdf,"[""Formaliser les règles logiques"", ""Deep Learning"", ""NLP"", ""Computer Vision"", ""MLOps""]",17,True
B5A-A2-C4,B5A,Bloc 5A,A2,A2-C4,Utiliser des langages de modélisation formels,"Utiliser des langages de modélisation formels afin de traduire les règles logiques en structures de données et de les représenter à l'aide de langages spécifiques, facilitant ainsi l'automatisation de processus complexes et la manipulation précise des données symboliques",utiliser des langages de modelisation formels,Other,Utiliser des langages de modélisation formels,"[""Transformers"", ""BERT"", ""GPT"", ""Word2Vec""]",Referentiel de certification - Ingenieur en intelligence artificelle janvier 2025.pdf,"[""Utiliser des langages de modélisation formels"", ""NLP"", ""traitement du langage naturel"", ""tokenisation"", ""embeddings"", ""word2vec"", ""bert"", ""gpt"", ""transformers"", ""préparation des données"", ""nettoyage des données"", ""normalisation"", ""prétraitement"", ""Deep Learning"", ""Computer Vision"", ""MLOps""]",17,True
B5A-A2-C5,B5A,Bloc 5A,A2,A2-C5,] Évaluation par les pairs : Les candidats travaillent dans une équipe,] Évaluation par les pairs : Les candidats travaillent dans une équipe médicale confrontée à la résolution de problèmes tels que l'attribution de ressources limitées dans un service d'urgence ou la planification des horaires de travail pour les médecins et le,evaluation par les pairs les candidats travaillent dans une equipe,Other,Modéliser et résoudre des problèmes combinatoires,[],Referentiel de certification - Ingenieur en intelligence artificelle janvier 2025.pdf,"[""] Évaluation par les pairs : Les candidats travaillent dans une équipe"", ""Deep Learning"", ""NLP"", ""Computer Vision"", ""MLOps""]",17,True
B5A-A3-C1,B5A,Bloc 5A,A3,A3-C1,"Concevoir et implémenter des modèles d'apprentissage adaptés à la vision par ordinateur,","Concevoir et implémenter des modèles d'apprentissage adaptés à la vision par ordinateur, en se basant sur des algorithmes de traitement d'images, afin de pouvoir répondre à des problématiques simples ne nécessitant pas d'apprentissage",concevoir et implementer des modeles d apprentissage adaptes a la vision par ordinateur,Other,à C3],[],Referentiel de certification - Ingenieur en intelligence artificelle janvier 2025.pdf,"[""Concevoir et implémenter des modèles d'apprentissage adaptés à la vision par ordinateur,"", ""computer vision"", ""vision par ordinateur"", ""cnn"", ""deep learning"", ""Machine Learning"", ""scikit-learn"", ""random forest"", ""xgboost"", ""svm"", ""k-means"", ""dbscan"", ""pca"", ""NLP"", ""MLOps""]",18,True
B5A-A3-C2,B5A,Bloc 5A,A3,A3-C2,"Concevoir et implémenter des modèles d'apprentissage adaptés à la vision par ordinateur,","Concevoir et implémenter des modèles d'apprentissage adaptés à la vision par ordinateur, en se basant sur des algorithmes et des techniques de réseaux de neurones pour la vision, afin de pouvoir répondre à des problématiques complexes ne nécessitant pas d’apprentissage",concevoir et implementer des modeles d apprentissage adaptes a la vision par ordinateur,Deep Learning,Réseaux de neurones,"[""TensorFlow"", ""PyTorch"", ""Keras"", ""scikit-learn"", ""Transformers"", ""CNN"", ""RNN"", ""LSTM"", ""SVM"", ""Random Forest"", ""XGBoost"", ""K-Means"", ""DBSCAN"", ""PCA""]",Referentiel de certification - Ingenieur en intelligence artificelle janvier 2025.pdf,"[""Concevoir et implémenter des modèles d'apprentissage adaptés à la vision par ordinateur,"", ""computer vision"", ""vision par ordinateur"", ""cnn"", ""deep learning"", ""Machine Learning"", ""scikit-learn"", ""random forest"", ""xgboost"", ""svm"", ""k-means"", ""dbscan"", ""pca"", ""tensorflow"", ""keras"", ""pytorch"", ""rnn"", ""lstm"", ""transformers"", ""NLP"", ""MLOps""]",18,True
B5A-A3-C3,B5A,Bloc 5A,A3,A3-C3,Entraîner des modèles de réseaux de neurones,"Entraîner des modèles de réseaux de neurones pour la vision en optimisant leurs hyperparamètres, afin de pouvoir apporter une solution fine et précise au problème de vision avec IA",entrainer des modeles de reseaux de neurones,Deep Learning,Réseaux de neurones,"[""TensorFlow"", ""PyTorch"", ""Keras"", ""scikit-learn"", ""Transformers"", ""CNN"", ""RNN"", ""LSTM"", ""SVM"", ""Random Forest"", ""XGBoost"", ""K-Means"", ""DBSCAN"", ""PCA""]",Referentiel de certification - Ingenieur en intelligence artificelle janvier 2025.pdf,"[""Entraîner des modèles de réseaux de neurones"", ""computer vision"", ""vision par ordinateur"", ""cnn"", ""deep learning"", ""Machine Learning"", ""scikit-learn"", ""random forest"", ""xgboost"", ""svm"", ""k-means"", ""dbscan"", ""pca"", ""tensorflow"", ""keras"", ""pytorch"", ""rnn"", ""lstm"", ""transformers"", ""NLP"", ""MLOps""]",18,True
B5A-A3-C4,B5A,Bloc 5A,A3,A3-C4,Développer des modèles d'apprentissage spécifiquement conçus,"Développer des modèles d'apprentissage spécifiquement conçus pour la visualisation en trois dimensions (3D), en utilisant des techniques telles que les réseaux de neurones convolutifs 3D et les méthodes de représentation spatiale, afin de pouvoir mieux percevoir le monde 3D par différents types de capteurs",developper des modeles d apprentissage specifiquement concus,Other,et C5],[],Referentiel de certification - Ingenieur en intelligence artificelle janvier 2025.pdf,"[""Développer des modèles d'apprentissage spécifiquement conçus"", ""Machine Learning"", ""scikit-learn"", ""random forest"", ""xgboost"", ""svm"", ""k-means"", ""dbscan"", ""pca"", ""Deep Learning"", ""tensorflow"", ""keras"", ""pytorch"", ""cnn"", ""rnn"", ""lstm"", ""transformers"", ""NLP"", ""Computer Vision"", ""MLOps""]",18,True
B5A-A3-C5,B5A,Bloc 5A,A3,A3-C5,Implémenter les techniques de recalage et de consolidation des nuages de points,"Implémenter les techniques de recalage et de consolidation des nuages de points en 3D, en les confrontant à des",implementer les techniques de recalage et de consolidation des nuages de points,Other,Implémenter les techniques de recalage et de consolidation des nuages de points,[],Referentiel de certification - Ingenieur en intelligence artificelle janvier 2025.pdf,"[""Implémenter les techniques de recalage et de consolidation des nuages de points"", ""Deep Learning"", ""NLP"", ""Computer Vision"", ""MLOps""]",18,True
B5A-A3-C6,B5A,Bloc 5A,A3,A3-C6,Construire un modèle génératif probabiliste et non probabiliste,Construire un modèle génératif probabiliste et non probabiliste en évaluant les techniques disponibles de création d’images à partir de données ou de distributions de données afin de créer de nouvelles données visuelles,construire un modele generatif probabiliste et non probabiliste,Other,],[],Referentiel de certification - Ingenieur en intelligence artificelle janvier 2025.pdf,"[""Construire un modèle génératif probabiliste et non probabiliste"", ""computer vision"", ""vision par ordinateur"", ""cnn"", ""deep learning"", ""Machine Learning"", ""scikit-learn"", ""random forest"", ""xgboost"", ""svm"", ""k-means"", ""dbscan"", ""pca"", ""préparation des données"", ""nettoyage des données"", ""normalisation"", ""prétraitement"", ""NLP"", ""MLOps""]",18,True
B5A-A4-C1,B5A,Bloc 5A,A4,A4-C1,Développer un modèle de navigation,Développer un modèle de navigation en augmentant l'efficacité dans l'exécution des tâches répétitives ou dangereuses afin de permettre aux robots de se déplacer de manière autonome,developper un modele de navigation,Other,Développer un modèle de navigation,"[""scikit-learn"", ""SVM"", ""Random Forest"", ""XGBoost"", ""K-Means"", ""DBSCAN"", ""PCA""]",Referentiel de certification - Ingenieur en intelligence artificelle janvier 2025.pdf,"[""Développer un modèle de navigation"", ""Machine Learning"", ""scikit-learn"", ""random forest"", ""xgboost"", ""svm"", ""k-means"", ""dbscan"", ""pca"", ""Deep Learning"", ""NLP"", ""Computer Vision"", ""MLOps""]",19,True
B5A-A4-C2,B5A,Bloc 5A,A4,A4-C2,Développer un modèle d’apprentissage intégrant les méthodes et solutions de vision robotique,"Développer un modèle d’apprentissage intégrant les méthodes et solutions de vision robotique en s’appuyant sur les méthodes et outils dédiés afin que le système soit autonome en termes de détection du mouvement, d’orientation dans l’espace, d’évitement des obstacles et de suivi d’une trajectoire",developper un modele d apprentissage integrant les methodes et solutions de vision robotique,Computer Vision,Développer un modèle d’apprentissage intégrant les méthodes et solutions de visi,"[""scikit-learn"", ""CNN"", ""SVM"", ""Random Forest"", ""XGBoost"", ""K-Means"", ""DBSCAN"", ""PCA""]",Referentiel de certification - Ingenieur en intelligence artificelle janvier 2025.pdf,"[""Développer un modèle d’apprentissage intégrant les méthodes et solutions de vision robotique"", ""computer vision"", ""vision par ordinateur"", ""cnn"", ""deep learning"", ""Machine Learning"", ""scikit-learn"", ""random forest"", ""xgboost"", ""svm"", ""k-means"", ""dbscan"", ""pca"", ""NLP"", ""MLOps""]",19,True
B5A-A4-C3,B5A,Bloc 5A,A4,A4-C3,Évaluer les systèmes HRI,Évaluer les systèmes HRI en concevant et en analysant des expériences afin d’expliciter les interactions entre les systèmes d’intelligence artificielle et leur environnement,evaluer les systemes hri,Other,Évaluer les systèmes HRI,[],Referentiel de certification - Ingenieur en intelligence artificelle janvier 2025.pdf,"[""Évaluer les systèmes HRI"", ""Deep Learning"", ""NLP"", ""Computer Vision"", ""MLOps""]",19,True
B5A-A4-C4,B5A,Bloc 5A,A4,A4-C4,Développer un modèle d'apprentissage,Développer un modèle d'apprentissage en permettant à un robot,developper un modele d apprentissage,Other,Développer un modèle d'apprentissage,"[""scikit-learn"", ""SVM"", ""Random Forest"", ""XGBoost"", ""K-Means"", ""DBSCAN"", ""PCA""]",Referentiel de certification - Ingenieur en intelligence artificelle janvier 2025.pdf,"[""Développer un modèle d'apprentissage"", ""Machine Learning"", ""scikit-learn"", ""random forest"", ""xgboost"", ""svm"", ""k-means"", ""dbscan"", ""pca"", ""Deep Learning"", ""NLP"", ""Computer Vision"", ""MLOps""]",19,True
B5A-A4-C5,B5A,Bloc 5A,A4,A4-C5,Développer un modèle d'apprentissage permettant à un robot de raisonner,Développer un modèle d'apprentissage permettant à un robot de raisonner afin de pouvoir prendre des décisions autonomes en fonction des objectifs à atteindre en particulier dans des environnements dynamiques où les conditions changent rapidement et où il est nécessaire d'adapter les actions du robot en temps réel,developper un modele d apprentissage permettant a un robot de raisonner,Other,Développer un modèle d'apprentissage permettant à un robot de raisonner,"[""scikit-learn"", ""SVM"", ""Random Forest"", ""XGBoost"", ""K-Means"", ""DBSCAN"", ""PCA""]",Referentiel de certification - Ingenieur en intelligence artificelle janvier 2025.pdf,"[""Développer un modèle d'apprentissage permettant à un robot de raisonner"", ""Machine Learning"", ""scikit-learn"", ""random forest"", ""xgboost"", ""svm"", ""k-means"", ""dbscan"", ""pca"", ""Deep Learning"", ""NLP"", ""Computer Vision"", ""MLOps""]",20,True
B5A-A5-C1,B5A,Bloc 5A,A5,A5-C1,Nettoyer et normaliser les enregistrements audio du dialogue,Nettoyer et normaliser les enregistrements audio du dialogue en éliminant les bruits indésirables afin d' en assurer une qualité audio optimale,nettoyer et normaliser les enregistrements audio du dialogue,data quality,Nettoyer et normaliser les enregistrements audio du dialogue,[],Referentiel de certification - Ingenieur en intelligence artificelle janvier 2025.pdf,"[""Nettoyer et normaliser les enregistrements audio du dialogue"", ""audio"", ""speech"", ""signal sonore"", ""préparation des données"", ""nettoyage des données"", ""normalisation"", ""prétraitement"", ""Deep Learning"", ""NLP"", ""Computer Vision"", ""MLOps""]",21,True
B5A-A5-C2,B5A,Bloc 5A,A5,A5-C2,Préparer les enregistrements audio du dialogue,Préparer les enregistrements audio du dialogue en éliminant les bruits de fond indésirables et les interférences afin d’optimiser la qualité et la cohérence des données sonores,preparer les enregistrements audio du dialogue,data quality,Préparer les enregistrements audio du dialogue,[],Referentiel de certification - Ingenieur en intelligence artificelle janvier 2025.pdf,"[""Préparer les enregistrements audio du dialogue"", ""audio"", ""speech"", ""signal sonore"", ""préparation des données"", ""nettoyage des données"", ""normalisation"", ""prétraitement"", ""Deep Learning"", ""NLP"", ""Computer Vision"", ""MLOps""]",21,True
B5A-A5-C3,B5A,Bloc 5A,A5,A5-C3,Identifier et isoler les propriétés distinctives des signaux sonores,Identifier et isoler les propriétés distinctives des signaux sonores en capturant des aspects spécifiques du signal audio qui sont pertinents pour la tâche afin de les représenter de manière significative,identifier et isoler les proprietes distinctives des signaux sonores,Other,Identifier et isoler les propriétés distinctives des signaux sonores,[],Referentiel de certification - Ingenieur en intelligence artificelle janvier 2025.pdf,"[""Identifier et isoler les propriétés distinctives des signaux sonores"", ""audio"", ""speech"", ""signal sonore"", ""Deep Learning"", ""NLP"", ""Computer Vision"", ""MLOps""]",21,True
B5A-A5-C4,B5A,Bloc 5A,A5,A5-C4,Détecter et séparer les segments de dialogue distincts entre différents locuteurs dans,"Détecter et séparer les segments de dialogue distincts entre différents locuteurs dans une conversation multi-parties, en tenant compte des interactions et des transitions entre les locuteurs afin de reconnaître les prises de parole",detecter et separer les segments de dialogue distincts entre differents locuteurs dans,Other,Détecter et séparer les segments de dialogue distincts entre différents locuteur,[],Referentiel de certification - Ingenieur en intelligence artificelle janvier 2025.pdf,"[""Détecter et séparer les segments de dialogue distincts entre différents locuteurs dans"", ""audio"", ""speech"", ""signal sonore"", ""Deep Learning"", ""NLP"", ""Computer Vision"", ""MLOps""]",21,True
B5A-A5-C5,B5A,Bloc 5A,A5,A5-C5,Identifier et extraire des segments du dialogue,Identifier et extraire des segments du dialogue en faisant des correspondances avec des événements sonores spécifiques afin d’avoir une analyse plus granulaire du contenu audio,identifier et extraire des segments du dialogue,Other,Identifier et extraire des segments du dialogue,[],Referentiel de certification - Ingenieur en intelligence artificelle janvier 2025.pdf,"[""Identifier et extraire des segments du dialogue"", ""audio"", ""speech"", ""signal sonore"", ""Deep Learning"", ""NLP"", ""Computer Vision"", ""MLOps""]",21,True
B5B-A1-C1,B5B,Bloc 5B,A1,A1-C1,"Lister les besoins spécifiques du projet d’apprentissage automatique,","Lister les besoins spécifiques du projet d’apprentissage automatique, en instaurant des processus et des protocoles afin d’optimiser le flux de données pour l'entraînement des modèles et d’assurer l’interopérabilité du système",lister les besoins specifiques du projet d apprentissage automatique,Machine Learning,"Lister les besoins spécifiques du projet d’apprentissage automatique,","[""Docker"", ""MLflow"", ""FastAPI"", ""CI/CD"", ""scikit-learn"", ""SVM"", ""Random Forest"", ""XGBoost"", ""K-Means"", ""DBSCAN"", ""PCA""]",Referentiel de certification - Ingenieur en intelligence artificelle janvier 2025.pdf,"[""Lister les besoins spécifiques du projet d’apprentissage automatique,"", ""Machine Learning"", ""scikit-learn"", ""random forest"", ""xgboost"", ""svm"", ""k-means"", ""dbscan"", ""pca"", ""préparation des données"", ""nettoyage des données"", ""normalisation"", ""prétraitement"", ""MLOps"", ""docker"", ""mlflow"", ""fastapi"", ""ci/cd""]",23,True
B5B-A1-C2,B5B,Bloc 5B,A1,A1-C2,Automatiser les processus MLOps liés à la manipulation des données d’apprentissage,Automatiser les processus MLOps liés à la manipulation des données d’apprentissage en instaurant des procédures et des protocoles pour créer un flux de données efficace afin d'améliorer la qualité et d’optimiser les coûts,automatiser les processus mlops lies a la manipulation des donnees d apprentissage,data quality,Automatiser les processus MLOps liés à la manipulation des données d’apprentissa,"[""Docker"", ""MLflow"", ""FastAPI"", ""CI/CD""]",Referentiel de certification - Ingenieur en intelligence artificelle janvier 2025.pdf,"[""Automatiser les processus MLOps liés à la manipulation des données d’apprentissage"", ""préparation des données"", ""nettoyage des données"", ""normalisation"", ""prétraitement"", ""MLOps"", ""docker"", ""mlflow"", ""fastapi"", ""ci/cd""]",23,True
B5B-A1-C3,B5B,Bloc 5B,A1,A1-C3,Déployer le projet,Déployer le projet en utilisant une approche intégrée dès les premières phases du développement afin d’assurer la stabilité et la sécurité continues et d’accélérer le déploiement itératif tout en réduisant les risques liés à la sécurité,deployer le projet,RGPD et sécurité,Sécurité,"[""Docker"", ""MLflow"", ""FastAPI"", ""CI/CD"", ""AWS"", ""GCP""]",Referentiel de certification - Ingenieur en intelligence artificelle janvier 2025.pdf,"[""Déployer le projet"", ""MLOps"", ""docker"", ""mlflow"", ""fastapi"", ""ci/cd"", ""aws sagemaker"", ""gcp vertex ai""]",23,True
B5B-A2-C1,B5B,Bloc 5B,A2,A2-C1,Élaborer des métriques de qualité du modèle,Élaborer des métriques de qualité du modèle en choisissant des critères de performance itératifs afin de quantifier les résultats du modèle par rapport aux objectifs prédéfinis,elaborer des metriques de qualite du modele,data quality,Élaborer des métriques de qualité du modèle,"[""Docker"", ""MLflow"", ""FastAPI"", ""CI/CD"", ""scikit-learn"", ""SVM"", ""Random Forest"", ""XGBoost"", ""K-Means"", ""DBSCAN"", ""PCA""]",Referentiel de certification - Ingenieur en intelligence artificelle janvier 2025.pdf,"[""Élaborer des métriques de qualité du modèle"", ""Machine Learning"", ""scikit-learn"", ""random forest"", ""xgboost"", ""svm"", ""k-means"", ""dbscan"", ""pca"", ""MLOps"", ""docker"", ""mlflow"", ""fastapi"", ""ci/cd""]",24,True
B5B-A2-C2,B5B,Bloc 5B,A2,A2-C2,Calibrer les optimisations de l’infrastructure,Calibrer les optimisations de l’infrastructure en évaluant l'équilibre entre l'efficacité opérationnelle et la flexibilité générale du système de manière continue; afin de maintenir la capacité d'adaptation à long terme du système,calibrer les optimisations de l infrastructure,Other,Calibrer les optimisations de l’infrastructure,"[""Docker"", ""MLflow"", ""FastAPI"", ""CI/CD"", ""AWS"", ""GCP""]",Referentiel de certification - Ingenieur en intelligence artificelle janvier 2025.pdf,"[""Calibrer les optimisations de l’infrastructure"", ""MLOps"", ""docker"", ""mlflow"", ""fastapi"", ""ci/cd"", ""aws sagemaker"", ""gcp vertex ai""]",24,True
B5B-A2-C3,B5B,Bloc 5B,A2,A2-C3,Monitorer à intervalles réguliers les performances des modèles,"Monitorer à intervalles réguliers les performances des modèles en utilisant des métriques clés afin d'anticiper les problèmes potentiels, d'assurer la qualité continue des prédictions",monitorer a intervalles reguliers les performances des modeles,data quality,Monitorer à intervalles réguliers les performances des modèles,"[""Docker"", ""MLflow"", ""FastAPI"", ""CI/CD"", ""AWS"", ""GCP"", ""scikit-learn"", ""SVM"", ""Random Forest"", ""XGBoost"", ""K-Means"", ""DBSCAN"", ""PCA""]",Referentiel de certification - Ingenieur en intelligence artificelle janvier 2025.pdf,"[""Monitorer à intervalles réguliers les performances des modèles"", ""MLOps"", ""docker"", ""mlflow"", ""fastapi"", ""ci/cd"", ""aws sagemaker"", ""gcp vertex ai"", ""Machine Learning"", ""scikit-learn"", ""random forest"", ""xgboost"", ""svm"", ""k-means"", ""dbscan"", ""pca""]",24,True
B5B-A2-C4,B5B,Bloc 5B,A2,A2-C4,Créer des tests de robustesse,Créer des tests de robustesse en créant des scénarios de test diversifiés et représentatifs avec des mécanismes de validation rigoureux afin de garantir la fiabilité et la robustesse des systèmes dans des environnements opérationnels variés,creer des tests de robustesse,Other,Créer des tests de robustesse,"[""Docker"", ""MLflow"", ""FastAPI"", ""CI/CD""]",Referentiel de certification - Ingenieur en intelligence artificelle janvier 2025.pdf,"[""Créer des tests de robustesse"", ""MLOps"", ""docker"", ""mlflow"", ""fastapi"", ""ci/cd""]",24,True
B5B-A2-C5,B5B,Bloc 5B,A2,A2-C5,Ré-entraîner automatiquement le modèle,Ré-entraîner automatiquement le modèle en concevant des pipelines d’entraînement et la gestion des déclencheurs automatiques afin que les modèles restent alignés sur les changements dans les données,re entrainer automatiquement le modele,Data Engineering,Orchestration,"[""Docker"", ""MLflow"", ""FastAPI"", ""CI/CD"", ""AWS"", ""GCP"", ""scikit-learn"", ""SVM"", ""Random Forest"", ""XGBoost"", ""K-Means"", ""DBSCAN"", ""PCA""]",Referentiel de certification - Ingenieur en intelligence artificelle janvier 2025.pdf,"[""Ré-entraîner automatiquement le modèle"", ""MLOps"", ""docker"", ""mlflow"", ""fastapi"", ""ci/cd"", ""aws sagemaker"", ""gcp vertex ai"", ""Machine Learning"", ""scikit-learn"", ""random forest"", ""xgboost"", ""svm"", ""k-means"", ""dbscan"", ""pca"", ""préparation des données"", ""nettoyage des données"", ""normalisation"", ""prétraitement""]",24,True
B5B-A3-C1,B5B,Bloc 5B,A3,A3-C1,Compiler des modèles de manière continue,"Compiler des modèles de manière continue en vérifiant automatiquement les modifications de code, et en testant les modèles de manière régulière et reproductible; afin d'identifier rapidement les erreurs, d'assurer la cohérence des versions, et de faciliter le déploiement fréquent de modèles mis à jour tout le long de son cycle de vie",compiler des modeles de maniere continue,déploiement,Compiler des modèles de manière continue,"[""Docker"", ""MLflow"", ""FastAPI"", ""CI/CD"", ""AWS"", ""GCP"", ""scikit-learn"", ""SVM"", ""Random Forest"", ""XGBoost"", ""K-Means"", ""DBSCAN"", ""PCA""]",Referentiel de certification - Ingenieur en intelligence artificelle janvier 2025.pdf,"[""Compiler des modèles de manière continue"", ""MLOps"", ""docker"", ""mlflow"", ""fastapi"", ""ci/cd"", ""aws sagemaker"", ""gcp vertex ai"", ""Machine Learning"", ""scikit-learn"", ""random forest"", ""xgboost"", ""svm"", ""k-means"", ""dbscan"", ""pca""]",25,True
B5B-A3-C2,B5B,Bloc 5B,A3,A3-C2,Distiller un modèle,"Distiller un modèle en utilisant des méthodes de compression la création des modèles plus légers; afin d'optimiser l'utilisation des ressources tout en conservant des performances acceptables, facilitant ainsi le déploiement efficace de modèles dans des environnements contraints",distiller un modele,déploiement,Distiller un modèle,"[""Docker"", ""MLflow"", ""FastAPI"", ""CI/CD"", ""AWS"", ""GCP"", ""scikit-learn"", ""SVM"", ""Random Forest"", ""XGBoost"", ""K-Means"", ""DBSCAN"", ""PCA""]",Referentiel de certification - Ingenieur en intelligence artificelle janvier 2025.pdf,"[""Distiller un modèle"", ""MLOps"", ""docker"", ""mlflow"", ""fastapi"", ""ci/cd"", ""aws sagemaker"", ""gcp vertex ai"", ""Machine Learning"", ""scikit-learn"", ""random forest"", ""xgboost"", ""svm"", ""k-means"", ""dbscan"", ""pca""]",25,True
B5B-A4-C1,B5B,Bloc 5B,A4,A4-C1,Mesurer le temps d'exécution des requêtes,Mesurer le temps d'exécution des requêtes en mettant en place des mécanismes de suivi du temps d’exécution afin d'identifier les opportunités d’optimisation et de maintenir la qualité des résultats,mesurer le temps d execution des requetes,data quality,Mesurer le temps d'exécution des requêtes,"[""Docker"", ""MLflow"", ""FastAPI"", ""CI/CD""]",Referentiel de certification - Ingenieur en intelligence artificelle janvier 2025.pdf,"[""Mesurer le temps d'exécution des requêtes"", ""MLOps"", ""docker"", ""mlflow"", ""fastapi"", ""ci/cd""]",26,True
B5B-A4-C2,B5B,Bloc 5B,A4,A4-C2,Améliorer la parallélisation et la distribution des requêtes,Améliorer la parallélisation et la distribution des requêtes en utilisant des mécanismes de parallélisation et de partitionnement afin de maximiser l'efficacité lors de l'apprentissage sur de grands ensembles de données,ameliorer la parallelisation et la distribution des requetes,Other,Améliorer la parallélisation et la distribution des requêtes,"[""Docker"", ""MLflow"", ""FastAPI"", ""CI/CD""]",Referentiel de certification - Ingenieur en intelligence artificelle janvier 2025.pdf,"[""Améliorer la parallélisation et la distribution des requêtes"", ""préparation des données"", ""nettoyage des données"", ""normalisation"", ""prétraitement"", ""MLOps"", ""docker"", ""mlflow"", ""fastapi"", ""ci/cd""]",26,True
B5B-A4-C3,B5B,Bloc 5B,A4,A4-C3,Gérer des workflows d’apprentissage,"Gérer des workflows d’apprentissage en optimisant l’ensemble du processus, depuis la collecte des données jusqu'à l'évaluation des modèles; afin d’optimiser les ressources et de garantir la qualité des modèles produits",gerer des workflows d apprentissage,data quality,Gérer des workflows d’apprentissage,"[""Docker"", ""MLflow"", ""FastAPI"", ""CI/CD"", ""scikit-learn"", ""SVM"", ""Random Forest"", ""XGBoost"", ""K-Means"", ""DBSCAN"", ""PCA""]",Referentiel de certification - Ingenieur en intelligence artificelle janvier 2025.pdf,"[""Gérer des workflows d’apprentissage"", ""Machine Learning"", ""scikit-learn"", ""random forest"", ""xgboost"", ""svm"", ""k-means"", ""dbscan"", ""pca"", ""préparation des données"", ""nettoyage des données"", ""normalisation"", ""prétraitement"", ""MLOps"", ""docker"", ""mlflow"", ""fastapi"", ""ci/cd""]",26,True
B5B-A4-C4,B5B,Bloc 5B,A4,A4-C4,Réduire le temps de chargement des données d’entraînement,Réduire le temps de chargement des données d’entraînement en identifiant les points d’optimisation des processus de chargement de données afin de maximiser l'efficacité opérationnelle des projets d’apprentissage automatique,reduire le temps de chargement des donnees d entrainement,Machine Learning,Réduire le temps de chargement des données d’entraînement,"[""Docker"", ""MLflow"", ""FastAPI"", ""CI/CD"", ""scikit-learn"", ""SVM"", ""Random Forest"", ""XGBoost"", ""K-Means"", ""DBSCAN"", ""PCA""]",Referentiel de certification - Ingenieur en intelligence artificelle janvier 2025.pdf,"[""Réduire le temps de chargement des données d’entraînement"", ""Machine Learning"", ""scikit-learn"", ""random forest"", ""xgboost"", ""svm"", ""k-means"", ""dbscan"", ""pca"", ""préparation des données"", ""nettoyage des données"", ""normalisation"", ""prétraitement"", ""MLOps"", ""docker"", ""mlflow"", ""fastapi"", ""ci/cd""]",26,True
B5B-A4-C5,B5B,Bloc 5B,A4,A4-C5,Améliorer la réactivité du système d’apprentissage,Améliorer la réactivité du système d’apprentissage en mettant en œuvre des techniques visant à réduire les temps de réponse lors de l’inférence afin de garantir la qualité de l'expérience utilisateur dans un environnement dynamique,ameliorer la reactivite du systeme d apprentissage,data quality,Améliorer la réactivité du système d’apprentissage,"[""Docker"", ""MLflow"", ""FastAPI"", ""CI/CD""]",Referentiel de certification - Ingenieur en intelligence artificelle janvier 2025.pdf,"[""Améliorer la réactivité du système d’apprentissage"", ""MLOps"", ""docker"", ""mlflow"", ""fastapi"", ""ci/cd""]",26,True
B5B-A4-C6,B5B,Bloc 5B,A4,A4-C6,Améliorer l'efficacité des pipelines,Améliorer l'efficacité des pipelines en optimisant les processus automatisés et les temps d'exécution afin d’optimiser l'utilisation des ressources et d'accélérer le cycle de développement d’un projet IA,ameliorer l efficacite des pipelines,Data Engineering,Orchestration,"[""Docker"", ""MLflow"", ""FastAPI"", ""CI/CD"", ""AWS"", ""GCP""]",Referentiel de certification - Ingenieur en intelligence artificelle janvier 2025.pdf,"[""Améliorer l'efficacité des pipelines"", ""MLOps"", ""docker"", ""mlflow"", ""fastapi"", ""ci/cd"", ""aws sagemaker"", ""gcp vertex ai""]",27,True
B5B-A5-C1,B5B,Bloc 5B,A5,A5-C1,Automatiser le déploiement du modèle,"Automatiser le déploiement du modèle en mettant en place des workflows automatisés afin d'améliorer l'efficacité opérationnelle, de réduire les risques d'erreurs humaines, et de garantir la cohérence entre les différentes instances de déploiement",automatiser le deploiement du modele,déploiement,Automatiser le déploiement du modèle,"[""Docker"", ""MLflow"", ""FastAPI"", ""CI/CD"", ""AWS"", ""GCP"", ""scikit-learn"", ""SVM"", ""Random Forest"", ""XGBoost"", ""K-Means"", ""DBSCAN"", ""PCA""]",Referentiel de certification - Ingenieur en intelligence artificelle janvier 2025.pdf,"[""Automatiser le déploiement du modèle"", ""MLOps"", ""docker"", ""mlflow"", ""fastapi"", ""ci/cd"", ""aws sagemaker"", ""gcp vertex ai"", ""Machine Learning"", ""scikit-learn"", ""random forest"", ""xgboost"", ""svm"", ""k-means"", ""dbscan"", ""pca""]",28,True
B5B-A5-C2,B5B,Bloc 5B,A5,A5-C2,Assurer la portabilité des modèles,"Assurer la portabilité des modèles en garantissant que les modèles peuvent être déployés et exécutés de manière cohérente sur différents environnements, plateformes et infrastructures; afin de permettre aux modèles d'être déployés de manière flexible",assurer la portabilite des modeles,Other,Assurer la portabilité des modèles,"[""Docker"", ""MLflow"", ""FastAPI"", ""CI/CD"", ""AWS"", ""GCP"", ""scikit-learn"", ""SVM"", ""Random Forest"", ""XGBoost"", ""K-Means"", ""DBSCAN"", ""PCA""]",Referentiel de certification - Ingenieur en intelligence artificelle janvier 2025.pdf,"[""Assurer la portabilité des modèles"", ""MLOps"", ""docker"", ""mlflow"", ""fastapi"", ""ci/cd"", ""aws sagemaker"", ""gcp vertex ai"", ""Machine Learning"", ""scikit-learn"", ""random forest"", ""xgboost"", ""svm"", ""k-means"", ""dbscan"", ""pca""]",28,True
